deal_id,symbol,open_time,close_time,regime,layers,invested,pnl,return_pct,duration_h
65,HYPE/USDC,2026-03-01T14:00:00+00:00,2026-03-01T15:00:00+00:00,LONG_DCA,1,641.06,10.2017,1.59,1.0
66,HYPE/USDC,2026-03-01T16:00:00+00:00,2026-03-01T18:00:00+00:00,LONG_DCA,1,644.08,14.3846,2.23,2.0
47,NEAR/USDT,2026-03-01T14:00:00+00:00,2026-03-02T01:00:00+00:00,LONG_DCA,1,1016.56,15.3734,1.51,11.0
55,DOT/USDT,2026-03-01T14:00:00+00:00,2026-03-02T01:00:00+00:00,LONG_DCA,1,925.23,22.5609,2.44,11.0
67,HYPE/USDC,2026-03-01T19:00:00+00:00,2026-03-02T01:00:00+00:00,LONG_DCA,1,648.36,13.3144,2.05,6.0
73,JUP/USDT,2026-03-01T14:00:00+00:00,2026-03-02T03:00:00+00:00,LONG_DCA,1,626.4,10.0175,1.6,13.0
48,NEAR/USDT,2026-03-02T02:00:00+00:00,2026-03-02T05:00:00+00:00,LONG_DCA,1,1021.18,15.1916,1.49,3.0
49,NEAR/USDT,2026-03-02T06:00:00+00:00,2026-03-02T14:00:00+00:00,LONG_DCA,1,1025.67,67.6486,6.6,8.0
61,TAO/USDT,2026-03-01T14:00:00+00:00,2026-03-02T14:00:00+00:00,LONG_DCA,1,646.55,10.5542,1.63,24.0
74,JUP/USDT,2026-03-02T04:00:00+00:00,2026-03-02T14:00:00+00:00,LONG_DCA,1,629.41,23.8759,3.79,10.0
58,INJ/USDT,2026-03-01T14:00:00+00:00,2026-03-02T15:00:00+00:00,LONG_DCA,1,869.97,16.5945,1.91,25.0
68,HYPE/USDC,2026-03-02T02:00:00+00:00,2026-03-02T16:00:00+00:00,LONG_DCA,1,652.32,26.4701,4.06,14.0
50,NEAR/USDT,2026-03-02T15:00:00+00:00,2026-03-02T19:00:00+00:00,LONG_DCA,1,1045.91,17.2324,1.65,4.0
51,NEAR/USDT,2026-03-02T20:00:00+00:00,2026-03-02T21:00:00+00:00,LONG_DCA,1,1051.01,35.9451,3.42,1.0
52,NEAR/USDT,2026-03-02T22:00:00+00:00,2026-03-03T01:00:00+00:00,LONG_DCA,1,1061.73,19.8207,1.87,3.0
53,NEAR/USDT,2026-03-03T02:00:00+00:00,2026-03-03T03:00:00+00:00,LONG_DCA,1,1067.62,31.4333,2.94,1.0
75,JUP/USDT,2026-03-02T15:00:00+00:00,2026-03-04T07:00:00+00:00,LONG_DCA,2,1082.07,16.2725,1.5,40.0
56,DOT/USDT,2026-03-02T02:00:00+00:00,2026-03-04T08:00:00+00:00,LONG_DCA,2,1584.33,29.2053,1.84,54.0
62,TAO/USDT,2026-03-02T15:00:00+00:00,2026-03-04T08:00:00+00:00,LONG_DCA,2,1104.49,44.5682,4.04,41.0
76,JUP/USDT,2026-03-04T08:00:00+00:00,2026-03-04T14:00:00+00:00,LONG_DCA,1,641.35,17.4718,2.72,6.0
59,INJ/USDT,2026-03-02T16:00:00+00:00,2026-03-04T15:00:00+00:00,LONG_DCA,2,1487.36,23.6117,1.59,47.0
69,HYPE/USDC,2026-03-02T17:00:00+00:00,2026-03-04T15:00:00+00:00,LONG_DCA,2,1122.33,21.2281,1.89,46.0
3,HYPE/USDC,2026-03-06T16:00:00+00:00,2026-03-06T19:00:00+00:00,LONG_DCA,1,1044.78,19.3855,1.86,3.0
2,ATOM/USDT,2026-03-06T16:00:00+00:00,2026-03-06T21:00:00+00:00,LONG_DCA,1,1045.53,17.2208,1.65,5.0
4,STX/USDT,2026-03-06T16:00:00+00:00,2026-03-06T22:00:00+00:00,LONG_DCA,1,996.05,15.4807,1.55,6.0
8,DOT/USDT,2026-03-06T16:00:00+00:00,2026-03-06T22:00:00+00:00,LONG_DCA,1,756.75,12.6593,1.67,6.0
5,INJ/USDT,2026-03-06T16:00:00+00:00,2026-03-07T00:00:00+00:00,LONG_DCA,1,862.44,30.7205,3.56,8.0
7,NEAR/USDT,2026-03-06T16:00:00+00:00,2026-03-07T00:00:00+00:00,LONG_DCA,1,761.68,12.4349,1.63,8.0
9,HBAR/USDT,2026-03-06T16:00:00+00:00,2026-03-07T00:00:00+00:00,LONG_DCA,1,657.51,35.1233,5.34,8.0
10,TAO/USDT,2026-03-06T16:00:00+00:00,2026-03-07T00:00:00+00:00,LONG_DCA,1,565.02,15.7307,2.78,8.0
14,DOT/USDT,2026-03-06T23:00:00+00:00,2026-03-07T05:00:00+00:00,LONG_DCA,1,760.51,12.7483,1.68,6.0
6,RENDER/USDT,2026-03-06T16:00:00+00:00,2026-03-07T09:00:00+00:00,LONG_DCA,1,789.06,13.0532,1.65,17.0
18,TAO/USDT,2026-03-07T01:00:00+00:00,2026-03-07T09:00:00+00:00,LONG_DCA,1,569.96,11.7269,2.06,8.0
1,ZRO/USDT,2026-03-06T16:00:00+00:00,2026-03-07T09:00:00+00:00,LONG_DCA,1,2250.0,35.8408,1.59,17.0
22,TAO/USDT,2026-03-07T10:00:00+00:00,2026-03-07T13:00:00+00:00,LONG_DCA,1,573.44,15.9067,2.77,3.0
23,TAO/USDT,2026-03-07T14:00:00+00:00,2026-03-07T16:00:00+00:00,LONG_DCA,1,578.18,11.5308,1.99,2.0
17,HBAR/USDT,2026-03-07T01:00:00+00:00,2026-03-08T00:00:00+00:00,LONG_DCA,1,668.31,30.1882,4.52,23.0
20,ZRO/USDT,2026-03-07T10:00:00+00:00,2026-03-08T07:00:00+00:00,LONG_DCA,1,2261.62,53.9311,2.38,21.0
16,NEAR/USDT,2026-03-07T01:00:00+00:00,2026-03-08T10:00:00+00:00,LONG_DCA,2,1301.65,25.8151,1.98,33.0
26,ZRO/USDT,2026-03-08T08:00:00+00:00,2026-03-08T11:00:00+00:00,LONG_DCA,1,2277.66,45.091,1.98,3.0
21,RENDER/USDT,2026-03-07T10:00:00+00:00,2026-03-08T19:00:00+00:00,LONG_DCA,2,1348.53,20.3642,1.51,33.0
25,HBAR/USDT,2026-03-08T01:00:00+00:00,2026-03-09T00:00:00+00:00,LONG_DCA,1,677.32,44.6971,6.6,23.0
28,TAO/USDT,2026-03-09T02:00:00+00:00,2026-03-09T03:00:00+00:00,LONG_DCA,1,1068.77,27.0008,2.53,1.0
63,TAO/USDT,2026-03-04T09:00:00+00:00,2026-03-09T03:00:00+00:00,LONG_DCA,5,1838.43,63.3284,3.44,114.0
30,PENDLE/USDT,2026-03-09T02:00:00+00:00,2026-03-09T05:00:00+00:00,LONG_DCA,1,927.31,21.3032,2.3,3.0
31,STX/USDT,2026-03-09T02:00:00+00:00,2026-03-09T05:00:00+00:00,LONG_DCA,1,910.14,15.5968,1.71,3.0
32,DOT/USDT,2026-03-09T02:00:00+00:00,2026-03-09T05:00:00+00:00,LONG_DCA,1,902.66,23.9819,2.66,3.0
33,INJ/USDT,2026-03-09T02:00:00+00:00,2026-03-09T05:00:00+00:00,LONG_DCA,1,846.29,20.8419,2.46,3.0
34,ENS/USDT,2026-03-09T02:00:00+00:00,2026-03-09T05:00:00+00:00,LONG_DCA,1,781.13,20.2345,2.59,3.0
35,HYPE/USDC,2026-03-09T02:00:00+00:00,2026-03-09T05:00:00+00:00,LONG_DCA,1,745.46,11.6073,1.56,3.0
36,ATOM/USDT,2026-03-09T02:00:00+00:00,2026-03-09T05:00:00+00:00,LONG_DCA,1,709.52,13.3086,1.88,3.0
43,HYPE/USDC,2026-03-09T06:00:00+00:00,2026-03-09T09:00:00+00:00,LONG_DCA,1,748.9,15.1233,2.02,3.0
45,HYPE/USDC,2026-03-09T10:00:00+00:00,2026-03-09T12:00:00+00:00,LONG_DCA,1,753.39,20.4407,2.71,2.0
70,HYPE/USDC,2026-03-04T16:00:00+00:00,2026-03-09T12:00:00+00:00,LONG_DCA,4,1688.14,26.3875,1.56,116.0
27,ZRO/USDT,2026-03-09T02:00:00+00:00,2026-03-09T13:00:00+00:00,LONG_DCA,1,2250.0,44.4455,1.98,11.0
29,NEAR/USDT,2026-03-09T02:00:00+00:00,2026-03-09T13:00:00+00:00,LONG_DCA,1,933.48,21.4299,2.3,11.0
42,ENS/USDT,2026-03-09T06:00:00+00:00,2026-03-09T13:00:00+00:00,LONG_DCA,1,787.15,15.2757,1.94,7.0
38,PENDLE/USDT,2026-03-09T06:00:00+00:00,2026-03-09T15:00:00+00:00,LONG_DCA,1,933.65,14.3114,1.53,9.0
46,HYPE/USDC,2026-03-09T13:00:00+00:00,2026-03-09T16:00:00+00:00,LONG_DCA,1,759.48,33.7316,4.44,3.0
41,INJ/USDT,2026-03-09T06:00:00+00:00,2026-03-09T19:00:00+00:00,LONG_DCA,1,852.5,13.5714,1.59,13.0
72,HYPE/USDC,2026-03-09T17:00:00+00:00,2026-03-09T21:00:00+00:00,LONG_DCA,1,683.28,18.3756,2.69,4.0
