coin,ext_atr_at_entry,rsi_at_entry,max_adverse_pct,duration_h,return_pct,layers
BTC,,,3.12,52,2.97,3
BTC,,,0.48,44,2.97,1
BTC,,,1.38,44,2.97,2
BTC,,,0.0,1,2.97,1
BTC,,,1.62,17,2.97,2
BTC,,,1.11,5,2.97,2
BTC,,,7.38,147,2.97,3
BTC,,,0.18,9,2.97,1
BTC,,,1.36,9,2.97,2
BTC,,,1.78,53,2.97,2
BTC,,,1.32,42,2.97,2
BTC,,,7.11,215,2.97,3
BTC,,,1.99,21,2.97,2
BTC,,,1.23,44,2.97,2
BTC,,,3.13,44,2.97,3
BTC,,,63.04,2498,2.97,3
BTC,2.714,55.3,9.74,1306,2.97,3
BTC,4.046,68.4,2.94,98,2.97,2
BTC,2.907,55.3,4.88,279,2.97,3
BTC,2.583,48.3,17.24,1187,2.97,3
BTC,2.88,62.5,0.72,25,2.97,1
BTC,1.546,56.3,2.04,33,2.97,2
BTC,1.809,58.8,0.4,12,2.97,1
BTC,2.252,58.8,0.53,11,2.97,1
BTC,2.709,59.5,1.27,71,2.97,2
BTC,2.634,75.9,0.32,2,2.97,1
BTC,3.068,66.5,2.69,5,2.97,2
BTC,2.612,58.0,2.41,12,2.97,2
BTC,2.85,58.0,2.58,19,2.97,3
BTC,2.942,56.7,21.45,240,2.97,3
BTC,1.857,53.9,0.58,2,2.97,1
BTC,2.311,53.9,13.88,139,2.97,3
BTC,1.78,62.8,2.84,28,2.97,2
BTC,1.926,64.7,1.66,11,2.97,2
BTC,2.259,63.1,1.13,9,2.97,2
BTC,2.446,63.1,5.27,48,2.97,3
BTC,2.848,75.3,0.21,2,2.97,1
BTC,2.907,75.3,1.49,5,2.97,1
BTC,2.218,49.7,2.7,12,2.97,3
BTC,2.417,49.7,15.39,143,2.97,3
BTC,2.268,52.8,9.11,131,2.97,3
BTC,2.626,66.4,0.66,23,2.97,1
BTC,2.776,69.1,2.3,12,2.97,2
BTC,2.202,59.9,3.15,18,2.97,3
BTC,2.531,59.9,0.62,20,2.97,1
BTC,2.738,60.5,13.73,346,2.97,3
BTC,2.011,54.5,6.38,193,2.97,3
BTC,2.122,59.9,3.01,75,2.97,3
BTC,2.793,65.0,0.73,21,2.97,1
BTC,0.062,44.9,15.95,287,2.97,3
BTC,0.25,51.8,6.86,161,2.97,3
BTC,0.355,56.1,1.42,14,2.97,2
BTC,0.626,54.5,50.57,3836,2.97,3
BTC,3.289,64.9,2.25,31,2.97,2
BTC,2.987,57.1,2.9,81,2.97,3
BTC,2.472,67.7,0.78,24,2.97,1
BTC,2.404,54.0,75.98,20198,2.97,3
BTC,3.134,46.7,8.58,182,2.97,3
BTC,2.641,59.1,1.59,71,2.97,2
BTC,2.78,57.9,8.56,258,2.97,3
BTC,2.298,53.3,31.67,5081,2.97,3
BTC,4.91,66.9,2.79,40,2.97,2
BTC,4.49,67.5,1.68,44,2.97,2
BTC,3.583,56.6,4.48,68,2.97,3
BTC,1.181,45.0,4.05,90,2.97,3
BTC,0.811,54.0,5.05,295,2.97,3
BTC,0.444,49.8,0.36,12,2.97,1
BTC,1.342,49.8,11.4,263,2.97,3
BTC,1.855,65.0,4.03,62,2.97,3
BTC,2.026,64.5,29.26,2911,2.97,3
BTC,4.667,65.1,9.31,1075,2.97,3
BTC,1.585,71.0,0.22,25,2.97,1
BTC,3.705,65.2,5.38,578,2.97,3
BTC,2.821,62.1,10.88,1319,2.97,3
ETH,,,0.07,16,2.97,1
ETH,,,3.69,48,2.97,3
ETH,,,1.0,45,2.97,1
ETH,,,1.66,16,2.97,2
ETH,,,1.26,15,2.97,1
ETH,,,2.94,23,2.97,2
ETH,,,6.01,144,2.97,3
ETH,,,0.28,7,2.97,1
ETH,,,0.23,4,2.97,1
ETH,,,1.33,2,2.97,2
ETH,,,2.65,6,2.97,2
ETH,,,3.93,52,2.97,3
ETH,,,7.2,144,2.97,3
ETH,,,1.48,29,2.97,2
ETH,,,2.75,35,2.97,3
ETH,,,0.0,4,2.97,1
ETH,3.721,64.5,5.24,40,2.97,3
ETH,1.152,43.1,6.45,89,2.97,3
ETH,1.015,46.5,3.75,84,2.97,3
ETH,1.033,51.9,0.56,16,2.97,1
ETH,1.466,39.0,60.81,146,2.97,3
ETH,-2.354,30.0,10.68,2,2.97,2
ETH,-2.311,30.0,3.54,2,2.97,2
ETH,-2.231,30.0,2.98,3,2.97,3
ETH,-2.174,30.0,0.0,1,2.97,1
ETH,-2.382,30.0,0.0,1,2.97,1
ETH,-2.381,30.0,5.19,2,2.97,2
ETH,-2.302,30.0,0.0,1,2.97,1
ETH,-2.15,30.0,0.0,1,2.97,1
ETH,-2.231,30.5,23.34,136,2.97,3
ETH,-2.366,37.3,2.74,5,2.97,2
ETH,-2.42,37.3,1.45,8,2.97,2
ETH,-2.049,37.1,0.78,2,2.97,1
ETH,-2.074,37.1,18.46,318,2.97,3
ETH,-2.733,45.9,1.26,13,2.97,2
ETH,-2.501,47.5,2.94,36,2.97,3
ETH,-2.452,46.7,1.68,31,2.97,2
ETH,-1.936,56.7,0.46,4,2.97,1
ETH,-1.688,56.7,0.02,3,2.97,1
ETH,-1.521,56.7,0.0,1,2.97,1
ETH,-1.095,56.7,1.32,7,2.97,1
ETH,-0.526,60.0,3.77,28,2.97,3
ETH,-0.233,57.9,13.68,247,2.97,3
ETH,1.549,59.8,1.07,9,2.97,1
ETH,1.827,59.8,10.02,111,2.97,3
ETH,2.301,61.8,2.58,38,2.97,2
ETH,3.46,61.3,4.52,28,2.97,3
ETH,0.984,53.9,0.57,36,2.97,1
ETH,1.452,55.7,0.03,8,2.97,1
ETH,1.781,55.7,1.4,11,2.97,2
ETH,1.918,50.5,3.92,74,2.97,3
ETH,2.06,60.8,0.48,12,2.97,1
ETH,2.541,60.7,9.55,261,2.97,3
ETH,2.389,70.1,1.74,28,2.97,2
ETH,2.789,62.0,0.64,9,2.97,1
ETH,2.462,62.7,2.13,71,2.97,2
ETH,2.508,63.4,8.78,333,2.97,3
ETH,2.012,59.2,10.66,375,2.97,3
ETH,1.601,57.2,5.35,344,2.97,3
ETH,2.899,73.9,1.19,15,2.97,2
ETH,4.611,64.7,5.41,92,2.97,3
ETH,3.595,54.8,9.91,232,2.97,3
ETH,0.507,42.4,19.93,910,2.97,3
ETH,0.825,58.2,5.74,209,2.97,3
ETH,1.705,66.8,1.34,17,2.97,2
ETH,2.712,64.3,9.98,348,2.97,3
ETH,2.316,62.5,0.65,2,2.97,1
ETH,2.364,62.5,0.34,7,2.97,1
ETH,2.049,64.7,1.78,15,2.97,2
ETH,2.555,64.7,1.35,17,2.97,2
ETH,2.824,69.5,1.46,12,2.97,1
ETH,2.424,60.8,0.86,8,2.97,1
ETH,2.93,60.8,9.55,268,2.97,3
ETH,2.984,64.5,0.6,9,2.97,1
ETH,2.605,59.2,12.65,128,2.97,3
ETH,2.056,63.8,2.28,21,2.97,2
ETH,2.992,68.5,4.52,9,2.97,3
ETH,2.946,68.7,1.09,6,2.97,2
ETH,2.907,64.0,3.08,7,2.97,3
ETH,2.381,64.7,1.44,5,2.97,1
ETH,2.545,64.7,2.9,21,2.97,3
ETH,2.838,59.9,1.08,13,2.97,2
ETH,2.642,60.2,4.85,8,2.97,3
ETH,2.677,60.2,1.31,2,2.97,2
ETH,2.99,60.2,8.94,92,2.97,3
ETH,2.82,69.2,1.52,7,2.97,2
ETH,0.447,40.6,0.56,2,2.97,1
ETH,0.824,40.6,1.23,5,2.97,2
ETH,1.116,40.6,22.59,278,2.97,3
ETH,1.026,62.7,3.11,19,2.97,3
ETH,1.204,62.7,0.3,3,2.97,1
ETH,1.458,57.9,0.9,23,2.97,1
ETH,1.784,59.3,6.47,83,2.97,3
ETH,1.632,57.7,1.16,8,2.97,1
ETH,1.842,57.7,18.86,443,2.97,3
ETH,1.652,71.0,2.56,16,2.97,2
ETH,2.012,61.8,1.11,12,2.97,1
ETH,2.591,61.8,1.8,8,2.97,2
ETH,2.946,64.4,8.24,172,2.97,3
ETH,0.982,60.8,1.31,4,2.97,2
ETH,1.146,60.8,2.17,5,2.97,2
ETH,1.575,60.8,1.78,5,2.97,2
ETH,1.996,60.8,0.66,4,2.97,1
ETH,2.277,60.8,2.42,14,2.97,3
ETH,2.512,62.2,1.14,3,2.97,1
ETH,2.699,62.2,3.07,12,2.97,3
ETH,2.743,60.4,1.81,5,2.97,2
ETH,3.006,50.1,62.41,2615,2.97,3
ETH,1.571,53.4,0.0,1,2.97,1
ETH,2.214,53.4,10.65,198,2.97,3
ETH,1.649,55.3,25.55,537,2.97,3
ETH,1.238,59.9,5.8,146,2.97,3
ETH,1.638,65.7,0.34,17,2.97,1
ETH,2.008,63.9,1.61,26,2.97,2
ETH,2.49,64.4,6.79,101,2.97,3
ETH,2.79,65.2,0.67,9,2.97,1
ETH,3.624,70.0,0.62,24,2.97,1
ETH,3.188,57.3,15.08,399,2.97,3
ETH,1.031,55.8,0.88,8,2.97,1
ETH,1.416,53.9,81.0,32444,2.97,3
ETH,4.299,52.0,7.87,110,2.97,3
ETH,2.247,52.0,0.02,8,2.97,1
ETH,2.605,52.0,6.8,370,2.97,3
ETH,2.293,61.8,17.32,593,2.97,3
SOL,,,0.0,1,2.97,1
SOL,,,2.85,3,2.97,2
SOL,,,0.0,1,2.97,1
SOL,,,0.0,1,2.97,1
SOL,,,0.0,1,2.97,1
SOL,,,7.03,5,2.97,3
SOL,,,0.0,1,2.97,1
SOL,,,0.0,1,2.97,1
SOL,,,2.57,3,2.97,3
SOL,,,0.0,1,2.97,1
SOL,,,6.23,18,2.97,3
SOL,,,0.0,1,2.97,1
SOL,,,8.95,4,2.97,3
SOL,,,0.7,2,2.97,1
SOL,,,0.99,2,2.97,1
SOL,,,26.91,353,2.97,3
SOL,,,2.46,5,2.97,2
SOL,,,0.0,1,2.97,1
SOL,,,6.81,33,2.97,3
SOL,,,0.18,2,2.97,1
SOL,,,0.0,1,2.97,1
SOL,,,0.0,1,2.97,1
SOL,,,1.56,5,2.97,2
SOL,,,8.06,24,2.97,3
SOL,,,2.01,3,2.97,2
SOL,,,2.91,4,2.97,2
SOL,,,78.25,3687,2.97,3
SOL,4.683,68.1,12.89,62,2.97,3
SOL,3.047,67.1,11.59,19,2.97,3
SOL,2.376,57.0,2.52,14,2.97,2
SOL,2.483,57.0,4.81,21,2.97,3
SOL,2.268,59.8,1.38,4,2.97,2
SOL,2.519,59.8,0.27,2,2.97,1
SOL,2.538,59.8,1.5,12,2.97,2
SOL,2.861,58.7,1.29,6,2.97,2
SOL,2.904,58.7,4.03,34,2.97,3
SOL,2.969,59.5,1.31,8,2.97,2
SOL,2.099,55.1,4.49,42,2.97,3
SOL,2.172,55.1,1.15,22,2.97,2
SOL,2.322,54.8,3.1,41,2.97,3
SOL,2.502,55.7,7.13,39,2.97,3
SOL,2.731,53.8,0.0,1,2.97,1
SOL,2.94,53.8,0.65,2,2.97,1
SOL,3.923,57.6,23.56,56,2.97,3
SOL,2.697,69.7,6.32,5,2.97,3
SOL,2.986,69.7,2.49,3,2.97,3
SOL,4.094,67.6,7.31,62,2.97,3
SOL,3.256,58.9,5.05,39,2.97,3
SOL,0.156,37.2,0.0,1,2.97,1
SOL,0.118,37.2,49.07,299,2.97,3
SOL,0.046,51.5,1.69,3,2.97,2
SOL,0.043,51.5,0.48,2,2.97,1
SOL,0.208,51.5,13.73,28,2.97,3
SOL,0.421,56.0,9.24,37,2.97,3
SOL,0.55,51.6,2.98,9,2.97,3
SOL,0.511,54.5,1.61,6,2.97,2
SOL,0.55,54.5,21.17,45,2.97,3
SOL,0.438,54.1,1.54,5,2.97,2
SOL,0.384,54.1,2.12,2,2.97,2
SOL,0.326,54.1,2.57,18,2.97,3
SOL,0.28,48.4,51.32,470,2.97,3
SOL,7.631,66.8,12.19,468,2.97,3
SOL,1.407,52.4,3.71,37,2.97,3
SOL,1.047,51.8,0.04,2,2.97,1
SOL,1.388,51.8,1.26,55,2.97,1
SOL,1.585,52.1,8.62,171,2.97,3
SOL,1.366,60.8,0.34,10,2.97,1
SOL,1.857,60.8,1.51,21,2.97,2
SOL,1.465,60.2,1.38,21,2.97,1
SOL,1.894,55.7,3.88,82,2.97,3
SOL,2.378,68.3,1.41,23,2.97,1
SOL,1.583,50.0,6.03,96,2.97,3
SOL,1.715,70.1,0.0,1,2.97,1
SOL,2.878,70.1,1.85,18,2.97,2
SOL,3.009,62.4,4.66,38,2.97,3
SOL,1.661,52.2,3.11,19,2.97,3
SOL,1.856,52.2,0.0,1,2.97,1
SOL,2.399,52.2,4.08,36,2.97,3
SOL,2.432,56.2,5.87,14,2.97,3
SOL,2.379,56.9,29.62,1045,2.97,3
SOL,2.024,68.0,0.0,1,2.97,1
SOL,2.747,68.0,2.03,5,2.97,2
SOL,2.408,62.6,1.37,4,2.97,2
SOL,2.911,62.6,0.0,1,2.97,1
SOL,1.898,65.7,1.77,5,2.97,2
XRP,,,2.9,111,2.97,3
XRP,,,1.3,16,2.97,1
XRP,,,0.73,3,2.97,1
XRP,,,0.21,3,2.97,1
XRP,,,7.26,184,2.97,3
XRP,,,1.05,4,2.97,1
XRP,,,0.0,1,2.97,1
XRP,,,3.88,20,2.97,3
XRP,,,5.32,52,2.97,3
XRP,,,1.89,20,2.97,2
XRP,,,1.14,13,2.97,1
XRP,,,10.79,339,2.97,3
XRP,,,0.61,2,2.97,1
XRP,,,2.9,49,2.97,3
XRP,,,1.48,12,2.97,1
XRP,,,66.23,3938,2.97,3
XRP,4.08,69.6,3.17,72,2.97,3
XRP,2.324,53.9,11.36,285,2.97,3
XRP,2.088,48.6,25.1,1831,2.97,3
XRP,3.639,68.8,4.59,13,2.97,3
XRP,3.043,62.4,1.33,4,2.97,2
XRP,2.709,53.2,2.3,20,2.97,2
XRP,2.812,53.2,6.61,22,2.97,3
XRP,2.663,48.5,19.49,123,2.97,3
XRP,1.992,56.8,3.72,10,2.97,3
XRP,1.975,56.8,1.44,2,2.97,1
XRP,2.432,56.8,1.12,2,2.97,1
XRP,2.494,56.8,3.53,2,2.97,2
XRP,2.352,56.8,4.5,5,2.97,3
XRP,2.333,55.9,70.48,1080,2.97,3
XRP,1.478,64.3,1.28,6,2.97,2
XRP,1.614,64.3,1.51,6,2.97,2
XRP,1.896,64.3,1.26,2,2.97,2
XRP,1.876,64.3,1.15,7,2.97,2
XRP,2.045,66.8,0.82,3,2.97,1
XRP,2.347,66.8,4.19,19,2.97,3
XRP,2.378,68.9,0.0,1,2.97,1
XRP,2.485,68.9,2.76,5,2.97,2
XRP,2.861,68.9,0.0,1,2.97,1
XRP,2.985,68.9,10.34,3,2.97,3
XRP,2.423,68.9,1.66,2,2.97,2
XRP,2.61,68.9,2.85,4,2.97,3
XRP,2.658,68.9,0.0,1,2.97,1
XRP,2.711,74.5,0.9,8,2.97,1
XRP,2.791,74.5,0.14,2,2.97,1
XRP,2.094,59.5,0.37,2,2.97,1
XRP,2.133,59.5,2.68,4,2.97,3
XRP,2.291,59.5,1.05,2,2.97,1
XRP,2.377,59.5,0.92,5,2.97,1
XRP,2.554,59.5,5.1,43,2.97,3
XRP,2.61,55.0,1.76,7,2.97,2
XRP,2.644,55.0,0.98,9,2.97,1
XRP,2.547,58.4,14.65,46,2.97,3
XRP,2.559,49.3,8.33,5,2.97,3
XRP,2.371,49.3,8.42,4,2.97,3
XRP,2.441,49.3,0.0,1,2.97,1
XRP,2.504,49.3,36.45,668,2.97,3
XRP,2.137,64.6,6.3,8,2.97,3
XRP,1.791,50.1,3.62,7,2.97,3
XRP,1.746,50.1,19.95,162,2.97,3
XRP,1.499,61.5,6.18,44,2.97,3
XRP,1.498,66.6,3.66,29,2.97,3
XRP,1.554,59.9,1.11,8,2.97,1
XRP,1.731,59.9,1.2,3,2.97,1
XRP,1.897,59.9,3.2,3,2.97,2
XRP,2.537,66.9,9.32,48,2.97,3
XRP,3.498,57.1,1.75,2,2.97,2
XRP,2.859,57.1,5.41,3,2.97,3
XRP,2.972,57.1,11.04,9,2.97,3
XRP,2.623,57.1,0.88,3,2.97,1
XRP,1.461,46.0,16.26,4,2.97,3
XRP,0.951,46.0,2.22,2,2.97,2
XRP,0.994,46.0,1.92,2,2.97,2
XRP,1.323,46.0,4.4,8,2.97,3
XRP,1.222,46.0,0.0,1,2.97,1
XRP,1.288,46.0,0.0,1,2.97,1
XRP,1.208,45.5,1.12,3,2.97,2
XRP,1.362,45.5,8.95,33,2.97,3
XRP,1.176,57.4,13.92,8,2.97,3
XRP,1.136,58.6,1.46,4,2.97,2
XRP,1.348,58.6,2.44,4,2.97,3
XRP,1.589,58.6,1.44,4,2.97,2
XRP,1.768,58.6,0.0,1,2.97,1
XRP,2.04,58.6,5.67,4,2.97,3
XRP,2.124,56.7,0.0,1,2.97,1
XRP,2.353,56.7,2.21,4,2.97,2
XRP,2.269,56.7,1.41,4,2.97,2
XRP,2.288,56.7,3.43,3,2.97,3
XRP,2.212,56.7,1.46,5,2.97,2
XRP,2.253,56.7,1.0,3,2.97,1
XRP,2.285,58.0,7.75,50,2.97,3
XRP,2.734,65.3,0.0,1,2.97,1
XRP,2.887,65.3,2.45,5,2.97,3
XRP,1.958,59.9,3.06,10,2.97,3
XRP,2.44,59.9,1.42,2,2.97,2
XRP,2.454,59.9,2.42,5,2.97,2
XRP,2.462,59.9,1.1,3,2.97,1
XRP,2.003,53.6,1.64,7,2.97,2
XRP,2.017,53.6,23.35,145,2.97,3
XRP,1.461,54.0,14.86,48,2.97,3
XRP,1.674,39.0,82.34,30976,2.97,3
XRP,5.907,61.4,2.57,18,2.97,3
XRP,3.85,63.8,2.31,14,2.97,2
XRP,2.486,52.7,0.2,5,2.97,1
XRP,2.857,52.7,14.17,282,2.97,3
XRP,2.115,61.7,1.7,25,2.97,2
XRP,2.385,59.8,9.73,206,2.97,3
XRP,1.515,58.8,0.71,2,2.97,1
XRP,1.987,58.8,8.39,68,2.97,3
XRP,2.214,74.5,1.2,7,2.97,2
XRP,2.563,76.2,3.43,13,2.97,3
XRP,2.815,76.2,1.0,5,2.97,1
XRP,1.841,66.4,0.0,1,2.97,1
XRP,2.455,66.4,0.58,4,2.97,1
XRP,2.902,66.4,0.0,1,2.97,1
XRP,2.714,60.1,13.96,60,2.97,3
XRP,2.581,60.6,48.01,4075,2.97,3
LINK,,,0.02,11,2.97,1
LINK,,,5.31,117,2.97,3
LINK,,,2.62,24,2.97,2
LINK,,,0.1,2,2.97,1
LINK,,,1.5,7,2.97,2
LINK,,,0.81,2,2.97,1
LINK,,,0.76,4,2.97,1
LINK,,,2.01,5,2.97,2
LINK,,,5.52,61,2.97,3
LINK,,,4.57,85,2.97,3
LINK,,,1.14,2,2.97,2
LINK,,,2.06,7,2.97,2
LINK,,,10.57,172,2.97,3
LINK,,,2.62,16,2.97,2
LINK,,,1.51,12,2.97,2
LINK,,,0.0,1,2.97,1
LINK,,,3.11,34,2.97,3
LINK,,,1.64,24,2.97,2
LINK,3.876,67.7,6.4,36,2.97,3
LINK,0.725,58.8,0.0,1,2.97,1
LINK,1.149,58.8,1.7,6,2.97,2
LINK,1.206,58.8,0.3,3,2.97,1
LINK,1.339,58.8,0.3,3,2.97,1
LINK,1.971,58.8,2.62,8,2.97,3
LINK,1.999,56.4,6.98,20,2.97,3
LINK,2.181,56.4,1.01,5,2.97,1
LINK,2.477,51.9,11.39,79,2.97,3
LINK,2.37,64.3,2.63,8,2.97,2
LINK,2.793,64.3,1.18,3,2.97,2
LINK,2.973,65.3,2.0,10,2.97,2
LINK,1.246,50.7,0.0,1,2.97,1
LINK,1.144,50.7,1.41,3,2.97,2
LINK,1.553,50.7,100.0,2009,2.97,3
LINK,2.598,65.6,1.78,24,2.97,2
LINK,2.75,67.5,5.35,19,2.97,3
LINK,2.371,67.5,1.74,19,2.97,2
LINK,2.719,64.7,17.9,472,2.97,3
LINK,2.198,65.7,0.0,1,2.97,1
LINK,1.015,58.3,0.82,8,2.97,1
LINK,1.538,58.3,2.06,36,2.97,2
LINK,1.916,60.1,2.29,47,2.97,2
LINK,2.368,59.7,3.12,35,2.97,3
LINK,2.605,61.9,4.34,79,2.97,3
LINK,4.638,59.1,18.07,333,2.97,3
LINK,3.757,53.1,2.72,9,2.97,3
LINK,1.884,53.3,0.02,2,2.97,1
LINK,2.062,53.3,2.75,12,2.97,3
LINK,2.393,53.3,7.12,48,2.97,3
LINK,2.244,60.1,1.33,11,2.97,2
LINK,2.285,60.5,0.5,9,2.97,1
LINK,2.922,60.5,1.52,10,2.97,2
LINK,-0.146,37.4,3.04,3,2.97,2
LINK,-0.146,37.4,5.55,4,2.97,3
LINK,0.235,37.4,3.09,4,2.97,3
LINK,0.071,37.4,3.02,2,2.97,2
LINK,0.105,37.4,1.49,2,2.97,2
LINK,0.219,37.4,26.67,47,2.97,3
LINK,0.256,45.3,13.27,78,2.97,3
LINK,0.105,45.9,5.7,78,2.97,3
LINK,-0.224,44.9,41.08,987,2.97,3
LINK,2.185,59.3,22.57,324,2.97,3
LINK,2.218,61.2,1.13,6,2.97,1
LINK,2.547,61.2,12.13,82,2.97,3
LINK,2.308,59.9,8.83,167,2.97,3
LINK,2.126,62.7,1.17,3,2.97,1
LINK,2.693,63.1,6.64,36,2.97,3
LINK,2.484,66.0,2.17,18,2.97,2
LINK,2.552,72.7,0.9,3,2.97,1
LINK,2.869,72.7,2.59,20,2.97,3
LINK,2.571,63.4,1.23,3,2.97,2
LINK,0.373,51.8,1.51,13,2.97,2
LINK,0.705,51.8,1.16,20,2.97,2
LINK,0.805,56.7,1.55,13,2.97,2
LINK,1.372,50.9,1.99,12,2.97,2
LINK,1.36,50.9,0.0,1,2.97,1
LINK,1.549,50.9,1.41,15,2.97,1
LINK,1.704,54.4,42.9,805,2.97,3
LINK,1.118,62.5,0.0,1,2.97,1
LINK,1.275,62.5,13.77,34,2.97,3
LINK,1.039,72.3,2.5,5,2.97,3
LINK,0.975,72.3,2.08,11,2.97,2
LINK,1.254,63.9,0.0,1,2.97,1
LINK,2.027,63.9,0.0,1,2.97,1
LINK,1.908,63.9,0.0,1,2.97,1
LINK,2.335,63.9,5.39,6,2.97,3
LINK,2.216,59.6,4.01,17,2.97,3
LINK,1.752,59.6,1.84,3,2.97,2
LINK,1.698,59.6,9.94,12,2.97,3
LINK,1.505,67.1,6.46,24,2.97,3
LINK,1.499,60.1,0.89,4,2.97,1
LINK,1.965,60.1,1.24,3,2.97,1
LINK,2.185,60.1,1.0,2,2.97,1
LINK,2.635,53.2,30.32,120,2.97,3
LINK,2.038,66.4,0.0,1,2.97,1
LINK,2.003,66.4,1.25,2,2.97,2
LINK,1.957,66.4,0.0,1,2.97,1
LINK,2.151,66.4,1.63,4,2.97,2
LINK,2.813,60.3,19.98,40,2.97,3
LINK,2.745,65.7,3.94,10,2.97,3
LINK,2.687,65.7,0.0,1,2.97,1
LINK,2.55,59.9,3.53,11,2.97,3
LINK,2.609,59.9,1.37,2,2.97,1
LINK,2.614,59.9,4.32,26,2.97,3
LINK,2.623,56.6,1.15,6,2.97,1
LINK,2.71,57.4,8.61,80,2.97,3
LINK,2.976,60.3,1.27,4,2.97,1
LINK,3.061,68.8,2.33,9,2.97,2
LINK,0.323,42.3,0.0,1,2.97,1
LINK,0.791,42.3,0.85,2,2.97,1
LINK,0.798,42.3,1.96,3,2.97,2
LINK,0.938,42.3,5.59,7,2.97,3
LINK,1.146,42.3,20.24,130,2.97,3
LINK,0.935,54.9,2.41,5,2.97,3
LINK,0.909,54.9,0.9,6,2.97,1
LINK,0.857,54.9,4.1,9,2.97,3
LINK,0.789,49.7,0.15,2,2.97,1
LINK,1.198,49.7,1.66,10,2.97,2
LINK,1.324,49.7,16.13,125,2.97,3
LINK,1.304,53.7,23.55,598,2.97,3
LINK,1.316,52.1,10.45,85,2.97,3
LINK,1.594,53.9,4.14,4,2.97,2
LINK,1.637,53.9,0.37,2,2.97,1
LINK,1.763,53.9,0.62,3,2.97,1
LINK,1.864,57.4,11.01,159,2.97,3
LINK,2.3,70.5,1.83,7,2.97,2
LINK,2.351,71.9,1.28,2,2.97,1
LINK,2.514,71.9,3.44,7,2.97,3
LINK,2.413,71.9,3.33,4,2.97,3
LINK,2.561,71.9,1.21,2,2.97,2
LINK,2.407,59.3,26.1,348,2.97,3
LINK,2.389,67.0,6.63,16,2.97,3
LINK,2.17,71.5,1.87,2,2.97,2
LINK,2.303,71.5,2.74,3,2.97,3
LINK,1.267,49.2,1.57,8,2.97,2
LINK,1.575,49.2,1.62,6,2.97,2
LINK,1.792,49.2,2.89,12,2.97,3
DOGE,,,0.0,1,2.97,1
DOGE,,,1.34,4,2.97,1
DOGE,,,8.54,27,2.97,3
DOGE,,,35.06,3249,2.97,3
DOGE,1.713,59.6,1.03,10,2.97,1
DOGE,2.094,59.6,2.42,17,2.97,3
DOGE,2.182,53.4,2.81,11,2.97,2
DOGE,2.244,53.4,13.6,404,2.97,3
DOGE,2.84,67.5,0.0,1,2.97,1
DOGE,2.598,62.4,2.75,19,2.97,3
DOGE,2.746,62.4,3.37,30,2.97,3
DOGE,2.657,63.6,3.75,10,2.97,3
DOGE,2.963,63.6,9.41,109,2.97,3
DOGE,3.58,62.4,1.07,6,2.97,2
DOGE,2.428,59.8,1.58,9,2.97,2
DOGE,2.417,59.8,1.26,20,2.97,1
DOGE,2.599,59.9,21.67,213,2.97,3
DOGE,2.127,66.3,0.0,1,2.97,1
DOGE,2.254,66.3,0.0,1,2.97,1
DOGE,2.375,66.3,1.5,2,2.97,1
DOGE,2.452,66.3,8.22,17,2.97,3
DOGE,2.325,73.6,1.5,3,2.97,2
DOGE,2.266,73.6,3.09,12,2.97,3
DOGE,2.276,73.6,1.12,2,2.97,2
DOGE,2.705,73.6,2.5,2,2.97,2
DOGE,2.302,67.5,0.0,1,2.97,1
DOGE,2.53,67.5,2.29,2,2.97,2
DOGE,2.608,67.5,0.0,1,2.97,1
DOGE,3.69,69.1,0.61,9,2.97,1
DOGE,2.279,51.8,0.0,1,2.97,1
DOGE,2.445,51.8,17.5,63,2.97,3
DOGE,2.149,54.9,0.0,1,2.97,1
DOGE,2.245,54.9,0.0,1,2.97,1
DOGE,2.468,54.9,10.58,34,2.97,3
DOGE,2.205,55.4,11.61,36,2.97,3
DOGE,2.118,53.3,2.76,4,2.97,3
DOGE,1.963,48.4,1.33,2,2.97,1
DOGE,2.011,48.4,1.15,2,2.97,1
DOGE,2.009,48.4,25.59,45,2.97,3
DOGE,1.612,49.8,2.57,6,2.97,3
DOGE,1.852,49.8,2.9,2,2.97,2
DOGE,1.853,49.8,21.0,277,2.97,3
DOGE,1.493,56.8,2.8,8,2.97,2
DOGE,1.464,56.8,0.44,3,2.97,1
DOGE,1.724,56.8,0.92,2,2.97,1
DOGE,2.358,56.8,11.88,121,2.97,3
DOGE,1.516,53.8,1.22,2,2.97,1
DOGE,1.685,53.8,18.97,438,2.97,3
DOGE,2.202,54.3,14.13,133,2.97,3
DOGE,1.806,57.1,0.39,2,2.97,1
DOGE,1.855,57.1,10.94,92,2.97,3
DOGE,1.981,63.6,3.72,8,2.97,3
DOGE,4.577,65.5,0.0,1,2.97,1
DOGE,2.501,59.4,0.0,1,2.97,1
DOGE,2.667,59.4,18.92,76,2.97,3
DOGE,2.769,61.5,0.0,1,2.97,1
DOGE,2.184,55.3,0.78,6,2.97,1
DOGE,2.426,55.3,31.72,45,2.97,3
DOGE,2.212,55.4,0.0,1,2.97,1
DOGE,2.347,55.4,3.49,5,2.97,3
DOGE,2.273,55.4,0.0,1,2.97,1
DOGE,2.387,55.4,0.0,1,2.97,1
DOGE,2.495,55.4,0.0,1,2.97,1
DOGE,2.549,55.4,4.13,4,2.97,3
ADA,,,1.31,19,2.97,1
ADA,,,26.77,1140,2.97,3
ADA,1.471,55.7,1.7,17,2.97,2
ADA,1.73,55.7,2.58,45,2.97,2
ADA,2.138,62.8,0.63,9,2.97,1
ADA,2.628,63.8,2.41,33,2.97,2
ADA,2.474,68.6,0.28,3,2.97,1
ADA,2.99,63.9,6.71,87,2.97,3
ADA,2.927,60.7,0.7,5,2.97,1
ADA,0.63,38.2,1.01,5,2.97,1
ADA,1.026,38.2,59.37,5825,2.97,3
ADA,2.36,45.7,0.59,10,2.97,1
ADA,2.717,45.7,29.7,417,2.97,3
ADA,1.202,60.4,2.77,34,2.97,3
ADA,1.045,62.0,2.15,32,2.97,2
ADA,1.067,51.2,1.18,15,2.97,1
ADA,1.456,47.5,21.17,223,2.97,3
ADA,1.176,62.6,2.85,24,2.97,3
ADA,1.059,59.5,0.03,2,2.97,1
ADA,1.377,59.5,55.3,1059,2.97,3
LTC,,,1.39,24,2.97,1
LTC,,,21.89,252,2.97,3
LTC,,,15.94,1130,2.97,3
LTC,1.558,75.5,2.74,7,2.97,2
LTC,2.401,65.1,2.97,19,2.97,2
LTC,2.788,65.1,4.18,29,2.97,3
LTC,2.704,61.3,1.54,21,2.97,2
LTC,2.834,74.3,5.96,32,2.97,3
LTC,2.961,65.2,0.63,5,2.97,1
LTC,1.718,51.0,13.3,231,2.97,3
LTC,1.713,60.6,3.1,26,2.97,3
LTC,2.114,57.8,0.97,6,2.97,1
LTC,2.38,58.3,4.17,55,2.97,3
LTC,2.593,62.0,0.02,2,2.97,1
LTC,1.315,57.0,1.93,19,2.97,2
LTC,1.495,57.0,1.46,14,2.97,2
LTC,1.741,56.5,1.4,14,2.97,2
LTC,2.144,58.3,52.09,5725,2.97,3
LTC,3.572,51.2,33.08,939,2.97,3
LTC,2.587,60.3,0.0,1,2.97,1
AVAX,,,0.0,1,2.97,1
AVAX,,,0.0,1,2.97,1
AVAX,,,0.0,1,2.97,1
AVAX,,,6.0,42,2.97,3
AVAX,,,4.08,14,2.97,3
AVAX,,,26.64,270,2.97,3
AVAX,,,38.63,2052,2.97,3
AVAX,2.353,71.2,1.82,2,2.97,2
AVAX,2.329,71.2,0.0,1,2.97,1
AVAX,4.909,68.3,0.33,2,2.97,1
AVAX,3.809,63.4,0.44,2,2.97,1
AVAX,4.655,64.6,1.93,2,2.97,2
AVAX,3.329,58.3,3.34,6,2.97,2
AVAX,0.846,45.9,0.0,1,2.97,1
AVAX,1.033,45.9,3.2,5,2.97,3
AVAX,1.456,45.9,3.59,4,2.97,3
AVAX,1.206,45.9,4.15,3,2.97,3
AVAX,1.25,45.9,6.62,7,2.97,3
AVAX,1.202,44.9,0.0,1,2.97,1
AVAX,1.243,44.9,1.55,2,2.97,2
AVAX,1.271,44.9,3.79,6,2.97,3
AVAX,1.262,44.9,1.06,3,2.97,1
AVAX,1.101,44.9,22.09,103,2.97,3
AVAX,0.817,47.7,6.41,10,2.97,3
AVAX,1.335,47.7,22.48,173,2.97,3
AVAX,0.97,52.1,1.36,2,2.97,1
AVAX,1.601,52.1,2.38,2,2.97,2
AVAX,1.591,53.8,19.0,168,2.97,3
AVAX,0.752,56.6,1.26,7,2.97,2
AVAX,0.642,56.6,1.79,9,2.97,2
AVAX,0.71,56.6,0.17,3,2.97,1
AVAX,0.864,56.6,0.48,2,2.97,1
AVAX,0.821,62.1,2.33,8,2.97,2
AVAX,0.859,62.1,1.26,3,2.97,2
AVAX,1.255,62.1,2.55,2,2.97,2
AVAX,0.999,62.1,2.65,3,2.97,3
AVAX,0.961,62.1,5.07,4,2.97,3
AVAX,0.796,56.3,0.86,2,2.97,1
AVAX,0.99,56.3,1.23,2,2.97,1
AVAX,1.443,56.3,1.68,3,2.97,2
AVAX,1.372,56.3,1.23,4,2.97,1
AVAX,1.554,56.3,0.0,1,2.97,1
AVAX,1.548,56.3,0.39,4,2.97,1
AVAX,1.727,53.9,36.42,616,2.97,3
AVAX,2.022,64.2,1.94,3,2.97,2
AVAX,2.493,64.2,1.53,3,2.97,2
AVAX,2.598,59.5,0.0,1,2.97,1
AVAX,2.496,59.5,49.88,531,2.97,3
AVAX,1.812,62.3,0.0,1,2.97,1
AVAX,2.301,62.3,0.0,1,2.97,1
AVAX,2.805,62.3,78.32,2540,2.97,3
AVAX,4.768,67.6,3.87,13,2.97,3
AVAX,2.939,61.4,1.12,3,2.97,1
AVAX,2.584,48.4,35.11,73,2.97,3
AVAX,2.139,66.5,6.39,8,2.97,3
AVAX,2.361,66.5,0.0,1,2.97,1
AVAX,2.272,66.5,4.54,2,2.97,2
AVAX,2.442,66.5,0.0,1,2.97,1
AVAX,2.638,66.5,7.41,5,2.97,3
AVAX,2.782,67.9,0.0,1,2.97,1
AVAX,2.652,67.9,0.0,1,2.97,1
AVAX,2.759,67.9,3.78,11,2.97,3
AVAX,2.306,52.6,0.0,1,2.97,1
AVAX,2.409,52.6,1.31,9,2.97,2
AVAX,2.673,52.6,13.06,124,2.97,3
AVAX,2.525,58.3,29.59,769,2.97,3
AVAX,1.908,70.3,1.27,5,2.97,1
AVAX,2.589,61.9,1.24,3,2.97,2
AVAX,2.59,61.9,4.78,19,2.97,3
AVAX,2.344,66.1,6.64,47,2.97,3
AVAX,2.911,74.5,1.34,5,2.97,2
AVAX,2.973,74.5,1.23,9,2.97,2
AVAX,3.067,52.9,0.0,1,2.97,1
AVAX,0.102,44.3,1.66,6,2.97,2
AVAX,0.171,44.3,14.21,33,2.97,3
AVAX,0.06,42.6,1.19,4,2.97,2
AVAX,0.223,42.6,1.36,6,2.97,1
AVAX,0.245,45.1,18.01,204,2.97,3
AVAX,0.179,51.6,0.0,1,2.97,1
AVAX,0.686,51.6,2.55,5,2.97,3
AVAX,0.784,57.8,2.45,9,2.97,2
AVAX,0.867,57.8,0.0,1,2.97,1
AVAX,0.956,57.8,7.2,25,2.97,3
AVAX,1.435,60.2,6.64,19,2.97,3
AVAX,1.434,54.9,11.6,64,2.97,3
AVAX,1.306,57.8,1.1,16,2.97,1
AVAX,1.744,57.8,0.99,4,2.97,1
DOT,,,0.0,1,2.97,1
DOT,,,7.44,4,2.97,3
DOT,,,1.61,2,2.97,2
DOT,,,0.0,1,2.97,1
DOT,,,2.97,2,2.97,2
DOT,,,0.0,1,2.97,1
DOT,,,2.81,2,2.97,2
DOT,,,0.0,1,2.97,1
DOT,,,2.48,2,2.97,2
DOT,,,6.81,11,2.97,3
DOT,,,2.49,3,2.97,2
DOT,,,3.33,4,2.97,3
DOT,,,0.0,1,2.97,1
DOT,,,1.41,3,2.97,1
DOT,,,0.0,1,2.97,1
DOT,,,2.53,3,2.97,2
DOT,,,2.49,3,2.97,2
DOT,,,3.14,4,2.97,3
DOT,,,0.0,1,2.97,1
DOT,,,0.0,1,2.97,1
DOT,,,2.92,4,2.97,2
DOT,,,4.07,5,2.97,3
DOT,,,2.37,2,2.97,2
DOT,,,4.37,5,2.97,3
DOT,,,3.51,6,2.97,3
DOT,,,2.98,5,2.97,3
DOT,,,1.49,13,2.97,2
DOT,,,0.0,1,2.97,1
DOT,,,3.08,11,2.97,3
DOT,,,1.06,2,2.97,1
DOT,,,46.36,2851,2.97,3
DOT,2.319,71.5,2.32,3,2.97,2
DOT,2.353,71.5,1.43,3,2.97,1
DOT,2.512,71.5,0.0,1,2.97,1
DOT,2.727,71.5,2.81,3,2.97,3
DOT,2.96,71.5,0.0,1,2.97,1
DOT,2.518,53.8,17.21,55,2.97,3
DOT,2.014,77.0,0.0,1,2.97,1
DOT,2.155,77.0,1.35,3,2.97,2
DOT,2.5,77.0,0.8,2,2.97,1
DOT,4.127,64.4,8.28,19,2.97,3
DOT,3.33,58.7,5.66,12,2.97,3
DOT,3.028,57.4,0.0,1,2.97,1
DOT,2.082,59.7,0.89,9,2.97,1
DOT,2.357,59.7,2.68,14,2.97,3
DOT,2.395,66.1,3.57,24,2.97,3
DOT,2.613,63.8,2.78,14,2.97,2
DOT,2.811,63.8,0.44,4,2.97,1
DOT,2.524,51.9,2.18,26,2.97,2
DOT,2.591,54.8,14.16,106,2.97,3
DOT,2.387,57.8,1.38,11,2.97,2
DOT,2.625,56.0,30.8,326,2.97,3
DOT,1.493,66.0,1.21,6,2.97,1
DOT,2.424,70.5,0.89,2,2.97,1
DOT,2.519,70.5,0.32,3,2.97,1
DOT,1.198,57.6,0.08,4,2.97,1
DOT,1.658,57.6,5.92,85,2.97,3
DOT,1.817,59.0,1.42,8,2.97,2
DOT,2.103,60.9,8.13,77,2.97,3
DOT,2.56,44.9,42.49,660,2.97,3
DOT,2.013,57.3,2.57,3,2.97,2
DOT,2.161,55.3,78.63,4097,2.97,3
UNI,,,10.34,6,2.97,3
UNI,,,0.0,1,2.97,1
UNI,,,0.0,1,2.97,1
UNI,,,0.0,1,2.97,1
UNI,,,0.0,1,2.97,1
UNI,,,15.8,15,2.97,3
UNI,,,73.62,2806,2.97,3
UNI,1.986,67.5,0.0,1,2.97,1
UNI,2.543,67.5,1.96,2,2.97,2
UNI,2.803,67.5,2.81,6,2.97,3
UNI,2.926,67.5,0.85,4,2.97,1
UNI,4.452,68.8,1.69,9,2.97,2
UNI,3.287,64.7,0.0,1,2.97,1
UNI,2.14,56.5,0.0,1,2.97,1
UNI,2.579,56.5,3.1,6,2.97,3
UNI,2.612,56.5,22.01,148,2.97,3
UNI,2.29,59.4,1.08,2,2.97,2
UNI,1.941,59.4,2.51,7,2.97,2
UNI,2.148,65.4,2.62,6,2.97,2
UNI,2.401,65.4,8.29,22,2.97,3
UNI,2.46,65.4,2.49,5,2.97,2
UNI,2.64,65.4,2.93,3,2.97,3
UNI,2.521,65.4,3.7,3,2.97,3
UNI,2.541,65.4,7.61,27,2.97,3
UNI,2.408,75.0,1.56,7,2.97,2
UNI,2.429,75.0,3.21,15,2.97,3
UNI,2.418,71.5,0.0,1,2.97,1
UNI,2.795,71.5,1.7,6,2.97,2
UNI,2.948,71.5,2.1,6,2.97,2
UNI,2.429,66.3,0.36,3,2.97,1
UNI,2.542,66.3,4.6,21,2.97,3
UNI,2.445,59.8,0.79,3,2.97,1
UNI,2.731,59.8,0.26,4,2.97,1
UNI,2.855,59.8,2.13,15,2.97,2
UNI,2.931,57.0,15.34,138,2.97,3
UNI,2.628,59.6,1.22,3,2.97,2
UNI,2.846,61.4,7.51,64,2.97,3
UNI,2.76,54.8,4.48,8,2.97,3
UNI,2.609,44.7,4.92,13,2.97,3
UNI,2.033,44.7,21.71,472,2.97,3
UNI,1.5,63.7,1.2,4,2.97,2
UNI,2.681,63.7,2.91,6,2.97,2
UNI,2.537,63.7,8.3,52,2.97,3
UNI,2.583,62.3,0.84,3,2.97,1
UNI,2.521,62.3,2.11,5,2.97,2
UNI,2.97,62.3,34.92,279,2.97,3
UNI,2.084,68.9,3.74,18,2.97,3
UNI,2.364,64.0,7.62,11,2.97,3
UNI,2.511,64.0,1.88,11,2.97,2
UNI,2.718,63.0,8.81,97,2.97,3
ATOM,,,0.02,2,2.97,1
ATOM,,,6.81,93,2.97,3
ATOM,,,1.36,3,2.97,2
ATOM,,,1.36,11,2.97,2
ATOM,,,79.69,4311,2.97,3
ATOM,3.972,65.3,14.04,88,2.97,3
ATOM,3.16,62.2,2.8,32,2.97,3
ATOM,-0.19,40.2,8.0,9,2.97,3
ATOM,0.073,40.2,1.94,3,2.97,2
ATOM,0.022,40.2,4.07,4,2.97,2
ATOM,0.063,40.2,0.77,2,2.97,1
ATOM,0.167,40.2,0.7,2,2.97,1
ATOM,0.309,42.5,19.98,192,2.97,3
ATOM,0.124,45.7,0.5,6,2.97,1
ATOM,0.083,45.7,31.44,659,2.97,3
ATOM,0.006,62.4,2.47,9,2.97,2
ATOM,0.189,60.7,1.39,8,2.97,1
ATOM,0.945,60.7,4.02,24,2.97,3
ATOM,1.067,61.1,30.4,1016,2.97,3
ATOM,2.023,61.9,0.02,2,2.97,1
ATOM,2.664,61.9,7.31,3,2.97,2
ATOM,1.909,61.9,3.85,8,2.97,3
ATOM,2.007,61.9,2.94,6,2.97,3
ATOM,2.39,50.7,3.87,6,2.97,3
ATOM,2.077,50.7,0.69,5,2.97,1
ATOM,2.378,50.7,1.21,4,2.97,2
ATOM,2.378,50.7,31.53,868,2.97,3
ATOM,2.147,51.8,18.3,133,2.97,3
ATOM,1.768,58.6,0.1,2,2.97,1
ATOM,2.125,58.6,0.0,1,2.97,1
ATOM,1.926,58.6,2.32,3,2.97,2
ATOM,2.115,58.6,4.93,13,2.97,3
ATOM,2.069,54.0,13.44,48,2.97,3
ATOM,1.489,58.2,1.46,6,2.97,2
ATOM,1.706,58.2,1.36,8,2.97,1
ATOM,2.317,49.9,27.83,114,2.97,3
ATOM,2.821,73.8,0.0,1,2.97,1
ATOM,2.468,73.8,1.53,2,2.97,2
ATOM,2.593,73.8,0.0,1,2.97,1
ATOM,1.948,57.7,1.2,6,2.97,1
ATOM,2.288,57.7,5.34,21,2.97,3
ATOM,2.311,53.8,20.56,171,2.97,3
ATOM,1.79,63.0,0.16,2,2.97,1
ATOM,2.033,63.0,8.62,31,2.97,3
ATOM,2.144,59.6,0.0,1,2.97,1
ATOM,2.099,59.6,0.0,1,2.97,1
ATOM,2.187,61.8,1.42,14,2.97,2
ATOM,2.211,61.8,2.42,22,2.97,2
ATOM,2.262,60.5,0.59,7,2.97,1
ATOM,2.489,60.5,5.98,26,2.97,3
ATOM,1.903,72.7,0.12,2,2.97,1
ATOM,2.065,72.7,0.77,5,2.97,1
ATOM,2.301,72.7,0.02,2,2.97,1
ATOM,2.402,72.7,1.37,2,2.97,2
ATOM,2.916,72.7,0.0,1,2.97,1
ATOM,4.68,67.6,3.43,10,2.97,3
ATOM,1.982,50.1,1.61,6,2.97,2
ATOM,2.178,50.1,2.53,4,2.97,2
ATOM,2.327,50.1,17.86,104,2.97,3
ATOM,2.359,52.4,0.0,1,2.97,1
ATOM,2.467,52.4,16.37,305,2.97,3
ATOM,1.681,57.5,2.74,13,2.97,3
ATOM,1.571,61.3,4.59,15,2.97,3
ATOM,1.523,61.3,1.29,5,2.97,2
ATOM,1.542,61.5,1.1,3,2.97,2
ATOM,1.989,61.5,1.25,3,2.97,2
ATOM,2.089,61.5,0.0,1,2.97,1
ATOM,2.672,61.5,31.13,628,2.97,3
ATOM,2.074,69.5,2.76,5,2.97,2
ATOM,2.042,70.9,0.0,1,2.97,1
ATOM,2.029,70.9,7.09,17,2.97,3
ATOM,2.587,70.9,0.0,1,2.97,1
ATOM,2.894,61.4,0.0,1,2.97,1
ATOM,2.884,61.4,0.0,1,2.97,1
ATOM,2.836,61.4,1.93,5,2.97,2
ATOM,2.458,61.4,0.71,3,2.97,1
ATOM,2.664,61.4,0.95,2,2.97,1
ATOM,2.569,61.4,0.29,4,2.97,1
ATOM,2.899,61.4,0.61,2,2.97,1
ATOM,2.48,57.2,8.61,33,2.97,3
ATOM,2.145,48.2,38.92,456,2.97,3
ATOM,2.108,65.4,7.77,27,2.97,3
ATOM,2.677,66.9,2.5,4,2.97,3
ATOM,2.396,66.9,5.93,3,2.97,2
ATOM,2.07,64.2,1.37,2,2.97,2
ATOM,2.059,64.2,0.0,1,2.97,1
ATOM,2.824,64.2,74.09,3055,2.97,3
ATOM,2.712,58.6,10.36,14,2.97,3
ATOM,2.448,58.6,1.3,4,2.97,2
ATOM,2.707,58.6,0.0,1,2.97,1
ATOM,1.333,53.8,0.25,3,2.97,1
ATOM,1.659,53.8,7.71,52,2.97,3
ATOM,1.732,56.8,0.89,3,2.97,1
ATOM,1.788,56.8,1.32,11,2.97,1
ATOM,2.006,57.0,2.0,11,2.97,2
ATOM,2.117,57.0,0.4,3,2.97,1
ATOM,2.525,57.0,26.71,582,2.97,3
ATOM,1.566,55.0,50.56,1671,2.97,3
ATOM,1.813,62.8,0.79,2,2.97,1
ATOM,2.192,62.8,4.94,14,2.97,3
ATOM,2.149,62.8,0.99,3,2.97,1
ATOM,2.145,62.8,0.23,2,2.97,1
ATOM,2.604,56.9,1.35,5,2.97,1
ATOM,2.719,56.9,2.62,8,2.97,2
ATOM,2.792,56.9,9.79,86,2.97,3
ATOM,2.893,55.6,1.17,4,2.97,1
NEAR,,,2.47,2,2.97,2
NEAR,,,0.0,1,2.97,1
NEAR,,,55.63,933,2.97,3
NEAR,,,2.95,14,2.97,3
NEAR,,,1.46,11,2.97,1
NEAR,,,1.83,12,2.97,2
NEAR,,,5.55,29,2.97,3
NEAR,,,11.12,23,2.97,3
NEAR,,,1.35,8,2.97,1
NEAR,,,3.03,39,2.97,3
NEAR,2.7,55.4,26.8,402,2.97,3
NEAR,0.349,58.6,4.55,26,2.97,3
NEAR,0.669,59.8,8.48,16,2.97,3
NEAR,0.861,59.8,0.0,1,2.97,1
NEAR,1.318,59.8,0.0,1,2.97,1
NEAR,1.476,56.1,2.64,7,2.97,3
NEAR,1.498,56.1,3.74,13,2.97,3
NEAR,1.386,56.1,7.98,27,2.97,3
NEAR,1.317,65.7,0.0,1,2.97,1
NEAR,1.582,65.7,5.21,27,2.97,3
NEAR,1.602,63.5,0.0,1,2.97,1
NEAR,1.887,63.5,3.69,6,2.97,3
NEAR,2.206,63.5,0.67,6,2.97,1
NEAR,2.668,65.5,1.16,6,2.97,2
NEAR,2.888,65.5,11.3,42,2.97,3
NEAR,2.817,61.6,0.87,2,2.97,1
NEAR,2.93,61.6,1.26,3,2.97,2
NEAR,2.957,61.6,4.58,16,2.97,3
NEAR,2.847,65.8,15.12,59,2.97,3
NEAR,2.458,64.2,0.51,2,2.97,1
NEAR,2.916,64.2,9.06,44,2.97,3
NEAR,1.875,66.5,0.9,4,2.97,1
NEAR,2.242,66.5,1.25,6,2.97,1
NEAR,2.628,66.5,3.73,13,2.97,3
NEAR,3.594,63.7,16.96,40,2.97,3
NEAR,1.559,55.1,1.07,2,2.97,2
NEAR,1.738,55.1,1.5,3,2.97,2
NEAR,1.892,55.1,0.12,2,2.97,1
NEAR,2.268,55.1,2.22,15,2.97,2
NEAR,2.192,54.3,6.75,46,2.97,3
NEAR,2.143,56.5,0.0,1,2.97,1
NEAR,2.31,56.5,0.0,1,2.97,1
NEAR,2.302,56.5,10.56,46,2.97,3
NEAR,2.354,62.8,3.35,7,2.97,3
NEAR,2.714,62.8,3.39,8,2.97,3
NEAR,2.589,62.8,2.49,10,2.97,2
NEAR,2.808,60.6,0.0,1,2.97,1
NEAR,2.83,60.6,2.1,17,2.97,2
NEAR,2.828,67.5,1.46,3,2.97,2
NEAR,2.556,67.5,3.06,6,2.97,2
NEAR,2.298,67.5,0.0,1,2.97,1
NEAR,2.663,67.5,0.64,3,2.97,1
NEAR,2.803,67.5,2.98,5,2.97,2
NEAR,2.918,68.4,5.17,10,2.97,3
NEAR,2.974,68.4,0.0,1,2.97,1
NEAR,2.974,68.4,0.24,3,2.97,1
NEAR,0.722,55.8,0.0,1,2.97,1
NEAR,0.854,55.8,3.47,7,2.97,3
NEAR,0.835,55.8,0.0,1,2.97,1
NEAR,0.975,55.8,3.78,11,2.97,3
NEAR,1.18,59.8,2.86,8,2.97,2
NEAR,0.997,59.8,0.0,1,2.97,1
NEAR,1.478,59.8,0.0,1,2.97,1
NEAR,1.607,59.8,1.41,2,2.97,2
NEAR,2.168,59.8,0.0,1,2.97,1
NEAR,2.213,59.8,1.57,3,2.97,2
NEAR,1.946,59.8,5.68,3,2.97,3
NEAR,1.536,56.2,0.0,1,2.97,1
NEAR,1.826,56.2,4.4,2,2.97,2
NEAR,1.539,56.2,0.0,1,2.97,1
NEAR,1.806,56.2,0.0,1,2.97,1
NEAR,1.952,56.2,0.0,1,2.97,1
NEAR,2.144,56.2,0.0,1,2.97,1
NEAR,2.533,56.2,25.92,249,2.97,3
NEAR,2.056,66.6,2.7,5,2.97,2
NEAR,2.694,59.2,3.93,25,2.97,3
NEAR,2.746,60.1,6.61,59,2.97,3
NEAR,2.779,58.0,1.34,5,2.97,2
NEAR,2.9,58.0,30.67,235,2.97,3
NEAR,2.203,56.1,13.09,158,2.97,3
NEAR,1.913,54.5,0.0,1,2.97,1
NEAR,2.129,54.5,2.37,3,2.97,2
NEAR,2.656,54.5,4.05,2,2.97,2
NEAR,2.838,54.5,19.61,117,2.97,3
NEAR,2.248,58.5,2.74,13,2.97,3
NEAR,2.422,55.7,78.48,3565,2.97,3
NEAR,3.322,63.5,11.01,32,2.97,3
NEAR,1.964,49.8,3.75,7,2.97,3
NEAR,1.722,49.8,22.82,211,2.97,3
NEAR,1.188,50.9,12.39,107,2.97,3
NEAR,0.883,53.6,1.31,8,2.97,1
NEAR,1.236,53.0,20.19,303,2.97,3
NEAR,1.242,65.8,2.36,15,2.97,2
NEAR,1.528,61.3,1.26,3,2.97,2
NEAR,2.031,61.3,6.29,66,2.97,3
NEAR,2.098,77.7,5.51,17,2.97,3
NEAR,2.04,77.5,1.26,11,2.97,2
NEAR,2.415,55.2,13.23,123,2.97,3
NEAR,2.193,54.9,11.39,133,2.97,3
NEAR,2.401,56.1,2.19,14,2.97,2
NEAR,2.368,63.8,13.74,24,2.97,3
NEAR,2.764,58.2,2.91,12,2.97,2
NEAR,2.584,58.2,0.0,1,2.97,1
NEAR,2.503,56.2,48.57,795,2.97,3
NEAR,0.155,49.4,1.1,2,2.97,2
NEAR,0.231,49.4,19.16,169,2.97,3
NEAR,0.826,68.8,2.83,4,2.97,3
NEAR,1.147,68.8,0.0,1,2.97,1
NEAR,0.953,68.8,1.31,3,2.97,1
NEAR,0.918,68.8,0.0,1,2.97,1
NEAR,0.798,68.8,0.0,1,2.97,1
NEAR,1.609,72.0,1.11,2,2.97,1
NEAR,1.635,72.0,0.0,1,2.97,1
NEAR,1.77,72.0,3.04,2,2.97,2
NEAR,2.369,72.0,1.71,3,2.97,2
NEAR,2.506,72.0,4.28,6,2.97,3
NEAR,2.318,72.0,1.73,4,2.97,2
NEAR,2.349,72.6,1.91,4,2.97,2
NEAR,2.755,72.6,1.85,7,2.97,2
NEAR,2.982,62.6,8.92,91,2.97,3
NEAR,2.795,62.8,0.83,2,2.97,1
NEAR,2.37,50.4,13.66,72,2.97,3
NEAR,2.359,62.8,0.0,1,2.97,1
NEAR,2.547,62.8,2.83,9,2.97,2
NEAR,2.618,62.8,1.68,3,2.97,2
NEAR,2.663,51.0,58.43,1923,2.97,3
NEAR,2.313,58.9,3.22,16,2.97,3
NEAR,2.537,58.9,1.21,7,2.97,2
NEAR,2.788,56.6,1.36,8,2.97,2
NEAR,2.767,56.6,13.63,123,2.97,3
NEAR,2.681,57.7,2.92,10,2.97,3
HBAR,,,2.38,18,2.97,2
HBAR,,,0.36,4,2.97,1
HBAR,,,0.9,3,2.97,1
HBAR,,,1.08,3,2.97,1
HBAR,,,0.85,2,2.97,1
HBAR,,,30.54,1152,2.97,3
HBAR,3.329,64.5,3.38,16,2.97,3
HBAR,3.191,59.8,1.44,12,2.97,2
HBAR,2.74,68.2,1.16,7,2.97,1
HBAR,0.752,46.9,0.02,2,2.97,1
HBAR,1.174,46.9,5.05,11,2.97,3
HBAR,1.58,46.9,15.98,206,2.97,3
HBAR,1.391,50.1,1.34,7,2.97,1
HBAR,1.494,50.1,44.71,676,2.97,3
HBAR,1.38,59.4,0.0,1,2.97,1
HBAR,1.781,59.4,0.0,1,2.97,1
HBAR,-0.019,50.0,14.87,91,2.97,3
HBAR,-0.265,49.1,5.05,31,2.97,3
HBAR,0.054,53.0,2.19,11,2.97,2
HBAR,0.634,53.0,5.48,57,2.97,3
HBAR,0.693,51.8,0.56,3,2.97,1
HBAR,1.343,51.8,65.4,4704,2.97,3
HBAR,5.615,62.3,29.71,942,2.97,3
HBAR,1.562,69.0,1.67,4,2.97,2
HBAR,2.243,69.0,0.0,1,2.97,1
HBAR,1.977,69.0,0.0,1,2.97,1
HBAR,2.601,69.0,1.46,3,2.97,1
HBAR,2.824,69.0,3.94,4,2.97,3
HBAR,1.07,54.7,6.13,60,2.97,3
HBAR,1.266,55.7,4.56,39,2.97,3
INJ,,,32.77,1478,2.97,3
INJ,2.579,63.4,2.74,12,2.97,3
INJ,2.299,57.1,14.5,194,2.97,3
INJ,2.089,57.6,3.73,28,2.97,3
INJ,2.117,58.8,8.36,43,2.97,3
INJ,1.991,62.0,1.29,2,2.97,2
INJ,2.085,62.0,1.83,3,2.97,2
INJ,2.404,62.0,3.7,2,2.97,2
INJ,2.928,62.0,4.67,9,2.97,3
INJ,2.339,42.7,5.5,18,2.97,3
INJ,2.82,42.7,54.7,1928,2.97,3
INJ,2.401,57.3,2.01,12,2.97,2
INJ,2.594,57.3,2.01,9,2.97,2
INJ,2.964,57.3,3.32,18,2.97,3
INJ,2.595,57.5,4.07,27,2.97,3
INJ,2.664,52.5,3.0,10,2.97,3
INJ,2.768,52.5,37.75,436,2.97,3
INJ,1.409,62.7,0.0,1,2.97,1
INJ,1.74,62.7,2.13,3,2.97,2
INJ,1.705,58.2,3.58,10,2.97,3
INJ,1.947,58.2,0.0,1,2.97,1
INJ,2.062,58.2,11.89,68,2.97,3
INJ,1.804,60.4,2.85,7,2.97,2
INJ,2.091,60.4,0.0,1,2.97,1
INJ,2.344,60.4,0.41,2,2.97,1
INJ,2.513,57.7,24.45,351,2.97,3
INJ,2.849,65.7,5.82,39,2.97,3
INJ,2.821,64.7,2.89,6,2.97,2
INJ,3.453,59.5,17.71,117,2.97,3
INJ,2.001,55.3,2.03,9,2.97,2
INJ,2.25,55.3,4.86,33,2.97,3
INJ,2.277,56.1,29.33,732,2.97,3
INJ,1.153,62.3,32.0,665,2.97,3
INJ,2.014,71.7,7.41,13,2.97,3
INJ,2.01,71.7,1.34,8,2.97,2
INJ,2.245,69.2,1.12,15,2.97,1
INJ,1.162,57.4,0.23,7,2.97,1
INJ,1.26,57.4,1.01,5,2.97,1
INJ,1.529,57.4,2.41,36,2.97,3
INJ,1.926,57.5,4.67,53,2.97,3
INJ,1.956,54.8,4.72,56,2.97,3
INJ,1.804,70.7,0.0,1,2.97,1
INJ,2.017,70.7,1.17,2,2.97,1
INJ,2.542,70.7,1.29,12,2.97,1
INJ,2.924,68.4,0.0,1,2.97,1
INJ,1.679,44.9,27.34,2125,2.97,3
INJ,2.968,57.9,2.39,7,2.97,2
INJ,2.81,46.3,1.27,10,2.97,1
INJ,1.358,54.2,5.64,24,2.97,3
INJ,1.497,60.7,3.72,7,2.97,3
INJ,1.687,60.7,4.29,31,2.97,3
INJ,2.142,65.0,3.33,11,2.97,3
INJ,1.861,60.4,1.08,4,2.97,2
INJ,2.327,60.4,1.48,8,2.97,2
INJ,2.406,60.4,0.16,2,2.97,1
INJ,2.465,60.4,3.75,17,2.97,3
INJ,2.176,69.7,3.59,25,2.97,3
INJ,2.344,75.9,1.26,2,2.97,2
INJ,2.683,75.9,0.51,2,2.97,1
INJ,2.913,62.4,1.04,4,2.97,1
INJ,2.116,53.1,5.84,9,2.97,3
INJ,2.071,53.1,1.11,4,2.97,1
INJ,2.041,53.1,0.59,2,2.97,1
INJ,2.303,53.1,1.87,3,2.97,2
INJ,2.594,53.1,15.38,39,2.97,3
INJ,2.479,56.7,1.31,5,2.97,1
INJ,2.545,56.7,0.0,1,2.97,1
INJ,2.728,56.7,2.07,6,2.97,2
INJ,2.874,58.2,0.0,1,2.97,1
INJ,2.87,58.2,30.02,1217,2.97,3
INJ,1.899,67.3,2.56,7,2.97,2
INJ,2.453,67.3,10.18,38,2.97,3
INJ,2.539,56.2,32.96,252,2.97,3
INJ,2.214,62.5,0.0,1,2.97,1
INJ,2.444,62.5,4.06,3,2.97,3
INJ,2.873,62.5,2.06,5,2.97,2
INJ,2.641,61.7,3.23,12,2.97,3
INJ,2.386,61.7,0.0,1,2.97,1
INJ,2.213,61.7,1.83,17,2.97,2
INJ,2.49,55.1,3.45,4,2.97,3
FIL,,,4.05,10,2.97,3
FIL,,,0.48,2,2.97,1
FIL,,,2.84,13,2.97,2
FIL,,,34.92,96,2.97,3
FIL,,,0.0,1,2.97,1
FIL,,,10.01,9,2.97,3
FIL,,,3.72,5,2.97,3
FIL,,,2.36,2,2.97,2
FIL,,,16.89,24,2.97,3
FIL,,,3.4,9,2.97,3
FIL,,,2.81,9,2.97,2
FIL,,,21.03,685,2.97,3
FIL,,,1.06,2,2.97,1
FIL,,,13.89,289,2.97,3
FIL,0.581,50.2,3.04,47,2.97,3
FIL,0.339,53.3,0.23,23,2.97,1
FIL,1.148,49.6,37.17,1457,2.97,3
FIL,2.531,75.9,0.0,1,2.97,1
FIL,2.474,75.9,0.0,1,2.97,1
FIL,3.078,68.3,3.87,48,2.97,3
FIL,1.389,48.7,9.23,59,2.97,3
FIL,1.579,50.0,8.37,53,2.97,3
FIL,1.462,54.0,1.43,14,2.97,2
FIL,1.572,60.2,1.84,19,2.97,2
FIL,1.768,57.3,0.6,4,2.97,1
FIL,2.1,57.3,3.18,5,2.97,3
FIL,2.363,57.3,12.55,167,2.97,3
FIL,2.369,59.9,2.44,43,2.97,3
FIL,2.304,72.1,1.64,5,2.97,2
FIL,2.734,72.1,2.98,11,2.97,2
FIL,2.9,76.8,1.15,8,2.97,1
FIL,5.346,69.2,9.52,63,2.97,3
FIL,5.258,68.6,2.25,14,2.97,2
FIL,3.509,63.3,1.55,10,2.97,2
FIL,1.727,48.5,2.02,10,2.97,2
FIL,1.94,48.5,0.38,2,2.97,1
FIL,1.945,48.5,0.57,10,2.97,1
FIL,2.151,47.7,16.85,231,2.97,3
FIL,1.705,58.3,1.24,8,2.97,1
RUNE,,,11.21,28,2.97,3
RUNE,,,1.26,5,2.97,1
RUNE,,,2.85,11,2.97,3
RUNE,,,3.25,7,2.97,3
RUNE,,,2.92,9,2.97,2
RUNE,,,38.41,1726,2.97,3
RUNE,3.125,64.1,4.87,32,2.97,3
CRV,,,0.0,1,2.97,1
CRV,,,6.0,6,2.97,3
CRV,,,0.0,1,2.97,1
CRV,,,0.0,1,2.97,1
CRV,,,0.0,1,2.97,1
CRV,,,0.0,1,2.97,1
CRV,,,5.11,2,2.97,2
CRV,,,0.62,3,2.97,1
CRV,,,2.23,2,2.97,2
CRV,,,10.11,2,2.97,2
CRV,,,3.98,2,2.97,2
CRV,,,1.49,2,2.97,2
CRV,,,2.68,3,2.97,2
CRV,,,92.36,5404,2.97,3
CRV,0.339,44.4,1.06,2,2.97,1
CRV,0.345,44.4,4.71,11,2.97,3
CRV,0.607,44.4,9.92,23,2.97,3
CRV,0.698,42.8,30.02,162,2.97,3
CRV,0.548,56.3,6.45,26,2.97,3
CRV,0.597,57.4,1.11,3,2.97,1
CRV,0.775,57.4,1.49,9,2.97,2
CRV,0.855,54.7,4.24,14,2.97,3
CRV,1.047,54.7,19.41,136,2.97,3
CRV,1.18,58.1,0.0,1,2.97,1
CRV,1.276,58.1,1.2,2,2.97,2
CRV,1.148,58.1,1.1,3,2.97,2
CRV,1.652,58.1,6.07,5,2.97,3
CRV,1.731,55.6,28.92,119,2.97,3
CRV,1.393,58.8,2.52,2,2.97,2
CRV,1.234,58.8,1.28,3,2.97,2
CRV,0.902,58.8,0.0,1,2.97,1
CRV,0.979,58.8,0.0,1,2.97,1
CRV,1.212,58.8,14.62,36,2.97,3
CRV,1.133,50.9,72.19,3892,2.97,3
CRV,2.798,60.8,3.76,11,2.97,3
CRV,2.714,60.8,1.7,11,2.97,2
CRV,1.886,62.1,1.25,5,2.97,1
CRV,2.141,62.1,6.45,25,2.97,3
CRV,2.024,64.1,0.5,2,2.97,1
CRV,2.214,64.1,1.39,5,2.97,2
CRV,2.734,64.1,1.64,2,2.97,2
CRV,2.929,64.1,6.27,36,2.97,3
CRV,1.653,48.4,24.09,202,2.97,3
CRV,1.364,65.7,2.17,4,2.97,2
CRV,1.399,65.7,7.09,9,2.97,3
CRV,1.333,72.7,1.01,2,2.97,1
CRV,1.421,72.7,2.94,4,2.97,2
CRV,1.745,72.7,1.14,2,2.97,1
CRV,1.978,72.7,2.85,5,2.97,2
CRV,2.235,72.7,2.75,4,2.97,3
CRV,1.852,73.2,2.32,3,2.97,2
CRV,1.764,73.2,5.52,11,2.97,3
CRV,2.395,73.2,0.0,1,2.97,1
CRV,2.67,73.2,2.49,2,2.97,2
CRV,1.419,57.3,8.21,47,2.97,3
CRV,1.49,52.9,1.22,4,2.97,2
CRV,1.551,52.9,1.11,2,2.97,1
CRV,1.908,52.9,49.99,559,2.97,3
CRV,1.962,68.6,5.7,26,2.97,3
CRV,1.786,66.7,0.71,2,2.97,1
CRV,2.471,66.7,1.45,5,2.97,2
CRV,2.579,59.3,19.96,150,2.97,3
CRV,2.3,63.9,2.56,5,2.97,2
CRV,2.791,63.9,2.68,11,2.97,2
CRV,2.965,67.6,8.71,32,2.97,3
CRV,2.985,61.4,4.24,10,2.97,3
CRV,2.761,53.1,1.16,4,2.97,2
SNX,,,0.98,18,2.97,1
SNX,,,0.77,13,2.97,1
SNX,,,26.71,1326,2.97,3
SNX,2.891,57.0,15.45,67,2.97,3
SNX,2.985,70.9,6.75,19,2.97,3
SNX,2.886,72.2,1.77,8,2.97,2
SNX,2.919,72.2,0.48,5,2.97,1
SNX,1.022,61.9,2.42,4,2.97,2
SNX,1.374,61.9,0.58,3,2.97,1
SNX,1.663,61.9,2.49,9,2.97,2
SNX,1.882,61.9,0.81,5,2.97,1
SNX,2.321,56.4,8.81,112,2.97,3
SNX,2.37,69.6,1.24,5,2.97,2
SNX,2.571,65.7,6.33,18,2.97,3
SNX,2.793,65.7,0.0,1,2.97,1
SNX,0.173,43.7,0.0,2,2.97,1
SNX,0.51,43.7,5.31,12,2.97,3
SNX,0.602,43.7,2.94,13,2.97,2
SNX,0.642,38.6,15.59,68,2.97,3
SNX,0.386,51.9,1.26,7,2.97,2
SNX,0.749,51.9,0.47,4,2.97,1
SNX,0.954,51.9,2.85,16,2.97,2
SNX,1.058,53.7,4.34,22,2.97,3
SNX,0.909,56.6,1.38,14,2.97,2
SNX,1.002,56.6,0.52,6,2.97,1
SNX,1.005,63.4,1.57,4,2.97,2
SNX,1.278,63.4,0.0,1,2.97,1
SNX,1.479,63.4,2.77,13,2.97,3
SNX,1.646,59.8,2.35,12,2.97,2
COMP,,,2.1,13,2.97,2
COMP,,,0.36,3,2.97,1
COMP,,,26.49,1268,2.97,3
COMP,3.783,60.9,1.4,9,2.97,1
COMP,2.606,61.2,0.72,9,2.97,1
COMP,2.87,61.2,0.26,4,2.97,1
COMP,0.596,44.6,0.02,2,2.97,1
COMP,0.918,44.6,5.99,12,2.97,3
COMP,0.984,44.6,18.46,210,2.97,3
COMP,0.808,50.1,4.16,67,2.97,3
COMP,0.619,48.9,0.34,6,2.97,1
COMP,0.785,48.9,57.3,5958,2.97,3
COMP,6.065,61.1,3.09,11,2.97,3
MKR,,,5.93,43,2.97,3
MKR,,,18.36,17,2.97,3
MKR,,,0.65,2,2.97,1
MKR,,,2.57,3,2.97,2
MKR,,,11.9,119,2.97,3
MKR,,,2.69,24,2.97,3
MKR,,,1.21,5,2.97,1
MKR,,,0.91,9,2.97,1
MKR,,,0.13,2,2.97,1
MKR,,,0.43,3,2.97,1
MKR,,,1.27,14,2.97,1
MKR,,,0.0,1,2.97,1
MKR,,,15.13,1171,2.97,3
MKR,1.71,54.8,19.26,212,2.97,3
MKR,2.874,61.3,0.09,4,2.97,1
MKR,2.994,50.7,2.88,16,2.97,2
MKR,-0.028,43.9,18.32,30,2.97,3
MKR,0.009,45.0,2.94,15,2.97,2
MKR,0.237,45.0,0.45,7,2.97,1
MKR,0.501,49.9,0.02,4,2.97,1
MKR,0.679,49.9,4.78,33,2.97,3
ENS,,,2.76,19,2.97,2
ENS,,,0.62,5,2.97,1
ENS,,,22.15,35,2.97,3
ENS,,,0.0,1,2.97,1
ENS,,,0.0,1,2.97,1
ENS,,,0.0,1,2.97,1
ENS,,,0.0,1,2.97,1
ENS,,,7.16,4,2.97,3
ENS,,,0.0,1,2.97,1
ENS,,,0.0,1,2.97,1
ENS,,,0.0,1,2.97,1
ENS,,,2.47,2,2.97,2
ENS,,,11.54,19,2.97,3
ENS,,,3.93,8,2.97,3
ENS,,,0.8,2,2.97,1
ENS,,,1.92,2,2.97,2
ENS,,,0.0,1,2.97,1
ENS,,,1.9,3,2.97,2
ENS,,,30.21,468,2.97,3
ENS,,,1.5,8,2.97,1
ENS,,,7.72,83,2.97,3
ENS,,,6.98,88,2.97,3
ENS,,,2.89,42,2.97,3
ENS,,,10.87,76,2.97,3
ENS,,,21.14,357,2.97,3
ENS,1.549,65.0,1.94,12,2.97,2
ENS,1.525,65.0,1.58,2,2.97,2
ENS,1.951,65.0,10.04,62,2.97,3
ENS,1.75,56.1,59.51,1784,2.97,3
ENS,3.106,48.7,25.7,313,2.97,3
ENS,2.641,59.9,2.93,15,2.97,3
ENS,2.649,59.9,2.52,15,2.97,2
ENS,2.725,61.8,20.51,183,2.97,3
ENS,1.977,55.3,0.21,3,2.97,1
ENS,2.443,55.3,3.93,7,2.97,3
ENS,2.024,55.3,1.96,11,2.97,2
ENS,2.27,65.9,1.22,5,2.97,2
ENS,1.946,65.9,6.59,32,2.97,3
ENS,2.032,67.6,0.7,3,2.97,1
ENS,2.134,67.6,0.0,1,2.97,1
ENS,2.861,67.6,0.35,2,2.97,1
ENS,-0.257,46.5,2.07,7,2.97,2
ENS,0.003,46.5,1.69,7,2.97,2
ENS,0.534,46.5,0.3,4,2.97,1
ENS,0.682,46.5,13.66,47,2.97,3
ENS,0.75,54.7,1.22,4,2.97,2
ENS,0.589,53.6,2.92,6,2.97,2
ENS,0.712,53.6,0.1,2,2.97,1
ENS,0.817,53.6,8.82,151,2.97,3
ENS,1.003,53.1,0.06,2,2.97,1
ENS,1.209,53.1,10.07,177,2.97,3
ENS,1.677,52.5,1.4,3,2.97,2
ENS,1.428,52.5,0.0,1,2.97,1
ENS,1.598,52.5,51.05,3055,2.97,3
ENS,4.209,55.5,26.01,108,2.97,3
ENS,1.455,47.4,1.21,2,2.97,1
ENS,1.547,47.4,11.84,16,2.97,3
ENS,1.459,47.4,1.34,2,2.97,2
ENS,1.744,47.4,1.9,6,2.97,2
DYDX,,,1.75,14,2.97,2
DYDX,,,0.92,12,2.97,1
DYDX,,,27.41,380,2.97,3
DYDX,,,0.39,3,2.97,1
DYDX,,,19.51,653,2.97,3
DYDX,,,2.63,48,2.97,2
DYDX,,,9.86,170,2.97,3
DYDX,1.777,67.3,3.25,2,2.97,2
DYDX,2.034,67.3,2.24,6,2.97,2
DYDX,1.278,63.5,0.0,1,2.97,1
DYDX,2.048,63.5,0.82,2,2.97,1
DYDX,2.355,63.5,0.0,1,2.97,1
DYDX,2.118,63.9,1.52,7,2.97,2
LDO,,,0.06,2,2.97,1
LDO,,,1.76,5,2.97,2
LDO,,,1.34,11,2.97,2
LDO,,,0.3,5,2.97,1
LDO,,,0.16,2,2.97,1
LDO,,,0.97,3,2.97,1
LDO,,,7.85,23,2.97,3
LDO,,,20.23,3,2.97,3
LDO,,,0.0,1,2.97,1
LDO,,,10.24,23,2.97,3
LDO,,,0.0,1,2.97,1
LDO,,,7.38,25,2.97,3
LDO,,,1.85,2,2.97,2
LDO,,,2.75,4,2.97,3
LDO,,,17.27,86,2.97,3
LDO,,,2.16,2,2.97,2
LDO,,,2.2,2,2.97,2
LDO,,,2.21,8,2.97,2
LDO,,,1.92,5,2.97,2
LDO,,,0.0,1,2.97,1
LDO,,,0.0,1,2.97,1
LDO,,,0.0,1,2.97,1
LDO,,,0.0,1,2.97,1
ARB,,,5.96,2,2.97,2
ARB,,,0.0,1,2.97,1
ARB,,,0.0,1,2.97,1
ARB,,,3.45,2,2.97,2
ARB,,,4.09,6,2.97,3
ARB,,,26.98,497,2.97,3
ARB,,,1.1,3,2.97,1
ARB,,,1.46,4,2.97,2
ARB,,,5.52,6,2.97,3
ARB,,,0.0,1,2.97,1
ARB,,,2.74,17,2.97,2
ARB,,,0.0,1,2.97,1
ARB,,,6.27,30,2.97,3
ARB,,,5.23,30,2.97,3
ARB,,,9.97,84,2.97,3
ARB,,,48.99,5881,2.97,3
ARB,1.766,65.3,2.72,6,2.97,3
ARB,1.963,65.3,1.07,5,2.97,2
ARB,2.394,65.3,1.5,5,2.97,2
ARB,2.801,65.3,11.29,29,2.97,3
ARB,2.602,75.9,1.49,4,2.97,2
ARB,2.662,75.9,1.44,3,2.97,1
ARB,2.916,75.9,2.96,5,2.97,2
ARB,2.936,75.9,0.0,1,2.97,1
ARB,3.142,59.9,0.09,4,2.97,1
ARB,1.284,44.1,0.39,3,2.97,1
ARB,1.522,44.1,0.77,5,2.97,1
ARB,1.857,44.1,17.78,222,2.97,3
ARB,1.842,47.5,12.17,244,2.97,3
ARB,1.503,59.3,2.77,66,2.97,3
ARB,1.768,62.4,2.82,40,2.97,2
ARB,2.071,62.2,2.13,14,2.97,2
ARB,2.077,57.3,17.29,411,2.97,3
ARB,1.645,53.9,11.55,48,2.97,3
ARB,1.218,58.8,1.42,6,2.97,2
ARB,1.395,58.8,19.24,50,2.97,3
ARB,1.365,62.2,0.5,8,2.97,1
ARB,1.63,58.9,2.28,12,2.97,2
ARB,1.831,58.9,11.37,115,2.97,3
OP,,,3.42,11,2.97,3
OP,,,2.28,7,2.97,2
OP,,,27.04,256,2.97,3
OP,,,2.69,3,2.97,2
OP,,,36.14,1207,2.97,3
OP,2.567,56.6,11.06,51,2.97,3
OP,2.936,69.4,5.41,11,2.97,3
OP,2.837,69.4,13.92,4,2.97,3
OP,2.397,69.4,0.0,1,2.97,1
OP,2.471,71.2,1.63,6,2.97,2
STX,,,2.72,18,2.97,2
STX,,,1.52,5,2.97,2
STX,,,0.11,2,2.97,1
STX,,,0.24,4,2.97,1
STX,,,27.23,58,2.97,3
STX,,,1.42,4,2.97,2
STX,,,14.19,60,2.97,3
STX,,,2.47,7,2.97,2
STX,,,5.55,7,2.97,3
STX,,,0.0,1,2.97,1
STX,,,1.33,2,2.97,1
STX,,,1.69,2,2.97,2
STX,,,1.48,3,2.97,1
STX,,,0.0,1,2.97,1
STX,,,2.2,4,2.97,2
STX,,,1.11,3,2.97,2
STX,,,0.64,2,2.97,1
STX,,,5.23,5,2.97,3
STX,,,4.48,7,2.97,3
STX,,,7.02,19,2.97,3
STX,,,3.5,4,2.97,3
STX,,,4.46,13,2.97,3
STX,,,0.0,1,2.97,1
STX,,,30.01,675,2.97,3
STX,,,1.98,11,2.97,2
STX,,,4.95,38,2.97,3
STX,,,1.5,6,2.97,1
STX,,,2.99,33,2.97,3
STX,,,1.32,20,2.97,2
STX,3.723,68.3,7.93,87,2.97,3
STX,4.073,56.2,28.55,154,2.97,3
STX,1.807,44.7,12.92,108,2.97,3
STX,1.106,66.4,1.6,2,2.97,2
STX,1.419,66.4,8.33,16,2.97,3
STX,1.217,62.0,1.17,4,2.97,1
STX,1.41,62.0,3.05,3,2.97,2
STX,2.071,62.0,0.52,2,2.97,1
STX,2.594,62.0,3.66,16,2.97,3
STX,2.324,65.0,0.0,1,2.97,1
STX,2.303,65.0,3.24,9,2.97,3
STX,2.088,67.8,0.7,2,2.97,1
STX,2.724,67.8,0.95,2,2.97,1
STX,2.814,67.8,6.16,37,2.97,3
STX,2.77,68.6,0.51,2,2.97,1
STX,2.724,67.1,4.43,39,2.97,3
STX,2.793,61.5,10.07,160,2.97,3
STX,2.37,51.4,0.24,2,2.97,1
SEI,,,0.0,1,2.97,1
SEI,,,51.29,2350,2.97,3
SEI,4.189,69.5,2.79,7,2.97,3
SEI,3.449,59.1,22.57,237,2.97,3
SEI,2.851,71.7,1.02,2,2.97,1
SEI,2.718,74.4,0.0,1,2.97,1
SEI,3.383,69.4,6.38,18,2.97,3
SEI,2.65,62.4,0.81,4,2.97,1
SEI,2.834,62.4,4.15,13,2.97,3
SEI,1.853,46.0,16.2,208,2.97,3
SEI,1.477,54.3,0.17,9,2.97,1
SEI,1.685,49.8,1.3,5,2.97,2
SEI,1.999,49.8,0.39,3,2.97,1
SEI,2.103,49.8,20.63,317,2.97,3
SEI,1.151,61.9,0.0,1,2.97,1
SEI,1.201,61.9,0.04,2,2.97,1
SEI,1.224,71.2,2.98,19,2.97,3
SEI,1.453,71.2,2.74,11,2.97,2
SEI,1.753,73.9,0.0,1,2.97,1
SEI,2.271,73.9,0.0,1,2.97,1
SEI,2.718,73.9,1.33,9,2.97,2
SEI,2.921,73.9,1.04,2,2.97,1
SEI,2.94,74.1,3.73,9,2.97,3
SEI,1.521,50.6,2.83,7,2.97,2
SEI,1.876,50.6,11.43,107,2.97,3
SEI,1.823,58.7,1.87,6,2.97,2
SEI,1.885,56.0,0.98,9,2.97,1
SEI,1.905,56.0,2.86,8,2.97,3
SEI,1.769,56.0,2.3,11,2.97,2
SEI,2.074,52.5,34.11,204,2.97,3
SEI,1.712,59.3,8.13,19,2.97,3
SEI,1.348,56.7,0.27,2,2.97,1
SEI,1.515,56.7,0.0,1,2.97,1
SEI,1.501,53.4,2.46,14,2.97,2
SEI,2.071,53.4,16.74,149,2.97,3
SEI,2.027,52.9,0.0,1,2.97,1
SEI,2.246,52.9,0.0,1,2.97,1
RENDER,,,0.0,1,2.97,1
RENDER,,,49.67,2605,2.97,3
RENDER,2.743,71.9,1.28,2,2.97,2
RENDER,3.093,61.6,1.2,8,2.97,1
SUI,,,4.72,6,2.97,3
SUI,,,0.0,1,2.97,1
SUI,,,74.63,6427,2.97,3
SUI,2.891,60.6,3.05,25,2.97,3
SUI,2.956,64.9,1.32,7,2.97,2
SUI,3.321,61.4,2.19,31,2.97,2
SUI,1.31,51.8,2.19,15,2.97,2
SUI,1.639,51.8,2.97,49,2.97,3
SUI,1.716,49.5,4.54,41,2.97,3
SUI,1.11,53.7,12.63,6,2.97,2
SUI,0.379,53.7,1.12,3,2.97,1
SUI,0.669,53.7,0.95,2,2.97,1
SUI,0.705,54.7,1.92,6,2.97,2
SUI,1.382,54.7,5.33,20,2.97,3
SUI,1.225,49.5,30.83,363,2.97,3
SUI,0.28,52.3,5.72,6,2.97,3
SUI,-0.201,52.3,1.82,2,2.97,2
SUI,-0.063,52.3,1.87,2,2.97,2
SUI,0.12,52.3,8.85,25,2.97,3
SUI,-0.067,53.7,0.6,3,2.97,1
SUI,0.375,53.7,0.0,1,2.97,1
SUI,0.644,53.7,16.57,62,2.97,3
SUI,0.565,62.3,0.41,2,2.97,1
SUI,1.005,56.1,1.75,6,2.97,2
SUI,1.036,56.1,0.74,2,2.97,1
SUI,1.158,56.1,1.44,3,2.97,1
SUI,1.072,56.1,11.4,123,2.97,3
SUI,1.173,68.7,0.69,6,2.97,1
SUI,1.628,65.4,0.0,1,2.97,1
SUI,1.91,65.4,3.61,7,2.97,3
SUI,2.145,65.4,0.89,2,2.97,1
SUI,2.362,65.4,0.87,2,2.97,1
SUI,2.364,65.4,1.21,6,2.97,2
SUI,1.793,58.6,2.17,23,2.97,2
SUI,2.144,57.4,77.65,4621,2.97,3
SUI,3.399,61.6,3.7,40,2.97,3
SUI,1.593,45.9,15.86,107,2.97,3
SUI,1.439,58.1,0.62,4,2.97,1
SUI,1.778,58.1,2.44,5,2.97,3
SUI,1.911,58.1,3.34,24,2.97,3
SUI,1.616,53.6,5.65,38,2.97,3
SUI,0.944,49.9,0.46,2,2.97,1
SUI,0.988,49.9,0.61,8,2.97,1
SUI,0.911,51.6,8.54,83,2.97,3
SUI,0.825,63.6,2.11,9,2.97,2
SUI,1.127,64.0,0.0,1,2.97,1
SUI,2.07,64.0,1.17,3,2.97,1
SUI,1.846,64.0,2.16,3,2.97,2
SUI,2.243,64.0,2.78,14,2.97,2
SUI,2.302,62.4,4.45,22,2.97,3
SUI,2.163,72.9,3.92,38,2.97,3
SUI,1.887,77.2,1.22,2,2.97,2
SUI,2.424,77.2,0.0,1,2.97,1
SUI,2.863,77.2,0.0,1,2.97,1
SUI,3.744,69.6,4.99,12,2.97,3
SUI,2.377,60.3,2.29,15,2.97,2
SUI,2.503,60.3,0.63,9,2.97,1
SUI,2.754,61.4,1.58,4,2.97,2
SUI,2.005,66.8,4.91,9,2.97,3
SUI,1.999,66.8,2.54,4,2.97,2
SUI,1.631,66.8,3.37,6,2.97,3
SUI,1.752,66.8,2.84,13,2.97,2
SUI,1.689,70.1,0.67,3,2.97,1
SUI,2.726,70.1,0.39,4,2.97,1
SUI,2.96,70.1,0.62,3,2.97,1
SUI,1.199,55.0,14.06,14,2.97,3
SUI,1.513,55.0,0.0,1,2.97,1
SUI,1.936,55.0,1.42,5,2.97,2
SUI,2.108,55.0,1.51,5,2.97,2
SUI,2.368,54.3,16.28,326,2.97,3
SUI,1.865,67.8,0.49,3,2.97,1
SUI,1.915,66.7,0.99,7,2.97,1
SUI,2.217,66.7,0.23,2,2.97,1
SUI,2.571,66.7,1.31,11,2.97,1
FET,,,0.0,1,2.97,1
FET,,,3.07,3,2.97,3
FET,,,1.5,2,2.97,1
FET,,,0.0,1,2.97,1
FET,,,1.82,2,2.97,2
FET,,,4.15,6,2.97,2
FET,,,0.0,1,2.97,1
FET,,,18.7,66,2.97,3
FET,,,3.65,12,2.97,3
FET,,,4.04,5,2.97,2
FET,,,11.81,47,2.97,3
FET,,,15.53,113,2.97,3
FET,,,3.34,16,2.97,3
FET,,,10.06,91,2.97,3
FET,,,2.92,8,2.97,2
FET,,,7.38,32,2.97,3
FET,,,2.51,5,2.97,3
FET,,,0.0,1,2.97,1
FET,,,1.42,2,2.97,2
FET,,,2.47,13,2.97,2
FET,,,0.0,1,2.97,1
FET,,,0.0,1,2.97,1
FET,,,2.92,8,2.97,3
FET,,,1.99,4,2.97,2
FET,,,0.0,1,2.97,1
FET,,,0.0,1,2.97,1
FET,,,0.0,1,2.97,1
FET,,,0.0,1,2.97,1
FET,,,0.0,1,2.97,1
FET,,,2.47,19,2.97,2
FET,,,10.52,37,2.97,3
FET,,,3.08,4,2.97,2
FET,,,1.43,5,2.97,2
FET,,,8.3,19,2.97,3
FET,,,1.08,3,2.97,1
FET,,,15.48,132,2.97,3
FET,,,0.0,1,2.97,1
FET,,,14.36,159,2.97,3
FET,,,2.77,11,2.97,2
FET,,,0.0,1,2.97,1
FET,,,3.67,14,2.97,3
FET,,,0.54,2,2.97,1
FET,,,1.16,4,2.97,2
FET,,,66.58,6308,2.97,3
FET,3.025,66.4,0.06,2,2.97,1
FET,1.898,59.2,2.9,15,2.97,2
FET,2.47,59.2,2.72,32,2.97,2
FET,2.569,56.2,15.64,81,2.97,3
FET,1.914,66.7,0.0,1,2.97,1
FET,2.344,66.7,4.96,10,2.97,3
FET,2.536,72.7,2.05,2,2.97,2
FET,2.647,72.7,4.15,10,2.97,3
FET,2.91,72.7,0.0,1,2.97,1
FET,3.153,70.0,0.0,1,2.97,1
FET,3.045,64.5,1.87,17,2.97,2
FET,1.882,52.3,2.53,31,2.97,3
FET,1.872,59.5,3.35,28,2.97,3
FET,1.976,59.6,1.35,5,2.97,2
FET,2.341,59.6,1.54,14,2.97,2
FET,2.564,48.8,25.42,216,2.97,3
FET,1.74,51.1,32.84,898,2.97,3
FET,2.823,74.2,0.5,2,2.97,1
FET,4.734,60.9,15.01,13,2.97,3
FET,3.308,54.7,12.64,123,2.97,3
TAO,,,75.35,5681,2.97,3
TAO,2.608,66.3,8.82,32,2.97,3
TAO,2.767,68.8,8.3,8,2.97,3
TAO,2.795,67.1,1.57,2,2.97,2
TON,,,33.57,492,2.97,3
TON,,,2.01,28,2.97,2
TON,,,0.62,4,2.97,1
TON,,,1.37,23,2.97,1
TON,,,2.9,23,2.97,3
TON,,,3.74,98,2.97,3
TON,,,4.26,59,2.97,3
TON,,,1.15,4,2.97,2
TON,,,1.14,3,2.97,1
TON,,,0.59,7,2.97,1
TON,,,8.87,89,2.97,3
TON,,,0.98,9,2.97,1
JUP,,,4.89,4,2.97,3
JUP,,,0.0,1,2.97,1
JUP,,,32.74,844,2.97,3
JUP,,,2.64,3,2.97,2
JUP,,,0.0,1,2.97,1
JUP,,,0.0,1,2.97,1
JUP,,,2.87,5,2.97,2
JUP,,,11.48,37,2.97,3
JUP,,,1.07,4,2.97,2
JUP,,,2.92,16,2.97,3
JUP,,,3.55,6,2.97,3
JUP,,,0.32,2,2.97,1
JUP,,,0.26,2,2.97,1
JUP,,,5.03,29,2.97,3
JUP,,,0.0,1,2.97,1
JUP,3.093,59.9,5.68,69,2.97,3
JUP,2.889,56.1,10.89,81,2.97,3
KAS,,,1.15,63,2.97,1
KAS,,,0.89,17,2.97,1
KAS,,,1.04,2,2.97,1
KAS,,,1.44,5,2.97,1
KAS,,,2.91,14,2.97,2
KAS,,,1.57,6,2.97,2
KAS,,,4.23,7,2.97,3
KAS,,,0.4,2,2.97,1
KAS,,,4.77,3,2.97,3
KAS,,,1.29,18,2.97,1
KAS,,,0.8,4,2.97,1
KAS,,,1.43,11,2.97,2
KAS,,,1.29,7,2.97,1
KAS,,,0.0,1,2.97,1
KAS,,,1.46,9,2.97,2
KAS,,,0.0,1,2.97,1
KAS,,,1.43,4,2.97,2
KAS,,,0.0,1,2.97,1
KAS,,,1.41,5,2.97,2
KAS,,,0.0,1,2.97,1
KAS,,,3.0,6,2.97,3
KAS,,,1.98,3,2.97,2
KAS,,,0.71,4,2.97,1
KAS,,,13.16,219,2.97,3
KAS,,,1.23,4,2.97,1
KAS,,,42.74,1499,2.97,3
KAS,3.362,66.7,1.38,8,2.97,2
KAS,2.943,54.8,4.18,24,2.97,3
KAS,2.552,47.0,0.0,1,2.97,1
KAS,2.723,47.0,40.68,2202,2.97,3
KAS,2.461,58.7,2.46,18,2.97,3
KAS,2.758,58.7,2.45,22,2.97,2
KAS,2.874,59.6,6.49,42,2.97,3
KAS,1.836,44.6,16.34,228,2.97,3
KAS,1.587,67.3,1.42,7,2.97,1
KAS,2.235,67.3,0.19,2,2.97,1
KAS,2.683,64.3,3.06,18,2.97,3
KAS,2.765,64.3,2.32,49,2.97,2
KAS,1.517,48.2,14.37,58,2.97,3
KAS,1.129,46.2,10.89,207,2.97,3
KAS,1.341,58.8,1.41,2,2.97,1
KAS,1.509,58.8,2.84,140,2.97,3
KAS,1.515,53.3,5.2,149,2.97,3
KAS,2.163,63.3,0.35,3,2.97,1
KAS,2.217,63.3,2.6,41,2.97,2
KAS,2.23,68.0,2.73,16,2.97,3
KAS,2.134,73.3,1.5,16,2.97,1
KAS,2.275,73.3,0.29,14,2.97,1
KAS,-0.959,39.1,6.19,2,2.97,2
KAS,-1.271,39.1,18.13,12,2.97,3
KAS,-1.405,39.1,2.42,5,2.97,2
KAS,-1.067,39.1,1.47,2,2.97,2
KAS,-0.663,35.6,0.84,4,2.97,1
KAS,-0.155,35.6,12.34,56,2.97,3
KAS,-0.457,45.7,1.08,7,2.97,2
KAS,-0.23,45.7,3.53,21,2.97,3
KAS,-0.459,45.1,6.29,92,2.97,3
KAS,-0.502,46.4,0.86,18,2.97,1
KAS,-0.572,45.6,8.8,234,2.97,3
KAS,-0.076,51.6,1.44,9,2.97,1
KAS,0.342,51.6,19.58,519,2.97,3
KAS,1.411,53.0,9.53,292,2.97,3
KAS,0.869,50.6,41.07,1243,2.97,3
KAS,2.162,60.7,1.19,4,2.97,2
KAS,2.257,60.7,0.0,1,2.97,1
KAS,2.456,60.7,1.41,8,2.97,2
KAS,2.806,56.7,19.05,449,2.97,3
KAS,1.29,52.2,0.49,5,2.97,1
PENDLE,,,1.89,19,2.97,2
PENDLE,,,1.18,8,2.97,1
PENDLE,,,0.14,4,2.97,1
PENDLE,,,20.22,30,2.97,3
PENDLE,,,0.0,1,2.97,1
PENDLE,,,0.0,1,2.97,1
PENDLE,,,3.73,7,2.97,3
PENDLE,,,0.0,1,2.97,1
PENDLE,,,3.1,8,2.97,3
PENDLE,,,0.0,1,2.97,1
PENDLE,,,0.0,1,2.97,1
PENDLE,,,22.13,141,2.97,3
PENDLE,,,0.0,1,2.97,1
PENDLE,,,0.0,1,2.97,1
PENDLE,,,0.85,8,2.97,1
PENDLE,,,18.0,223,2.97,3
PENDLE,1.926,62.2,2.86,9,2.97,3
PENDLE,1.17,62.2,1.82,4,2.97,2
PENDLE,1.447,62.2,0.0,1,2.97,1
PENDLE,1.961,68.8,2.04,13,2.97,2
PENDLE,2.214,68.8,2.17,5,2.97,2
PENDLE,2.232,68.8,2.93,13,2.97,2
PENDLE,2.133,66.7,0.08,5,2.97,1
PENDLE,1.032,52.9,2.79,14,2.97,2
PENDLE,1.242,52.9,1.04,10,2.97,1
PENDLE,1.215,53.7,27.57,340,2.97,3
PENDLE,0.647,61.5,8.64,19,2.97,3
PENDLE,1.224,63.1,1.9,3,2.97,2
PENDLE,1.651,63.1,3.53,7,2.97,3
PENDLE,1.802,63.1,5.8,21,2.97,3
PENDLE,1.367,69.2,1.44,12,2.97,2
PENDLE,1.497,69.6,0.0,1,2.97,1
PENDLE,2.656,69.6,5.84,35,2.97,3
PENDLE,2.273,71.2,1.11,6,2.97,1
PENDLE,2.438,71.2,0.79,3,2.97,1
PENDLE,2.859,70.4,7.79,11,2.97,3
PENDLE,2.544,70.4,0.0,1,2.97,1
PENDLE,2.733,70.4,2.93,16,2.97,2
PENDLE,2.763,73.6,3.92,15,2.97,3
PENDLE,2.524,75.4,1.11,2,2.97,1
PENDLE,2.819,75.4,2.63,11,2.97,2
PENDLE,2.782,55.3,1.35,6,2.97,2
PENDLE,2.855,55.3,1.91,4,2.97,2
PENDLE,1.54,53.2,0.53,2,2.97,1
PENDLE,1.601,53.2,0.85,5,2.97,1
PENDLE,1.728,53.2,0.95,8,2.97,1
PENDLE,1.95,53.2,0.57,5,2.97,1
PENDLE,2.112,59.9,0.0,1,2.97,1
PENDLE,2.258,59.9,7.35,33,2.97,3
PENDLE,2.588,58.0,2.41,14,2.97,3
PENDLE,2.537,55.6,2.98,11,2.97,3
PENDLE,2.421,55.6,41.12,752,2.97,3
PENDLE,1.959,67.0,0.0,1,2.97,1
PENDLE,2.446,67.0,0.27,2,2.97,1
PENDLE,2.574,67.0,5.58,51,2.97,3
PYTH,,,1.42,3,2.97,2
PYTH,,,13.04,153,2.97,3
PYTH,,,1.31,3,2.97,2
PYTH,,,6.49,47,2.97,3
PYTH,,,1.27,2,2.97,1
PYTH,,,0.5,2,2.97,1
PYTH,,,2.96,6,2.97,2
PYTH,,,4.29,29,2.97,3
PYTH,,,0.74,5,2.97,1
PYTH,,,3.84,13,2.97,3
PYTH,,,1.26,5,2.97,1
PYTH,,,0.0,1,2.97,1
PYTH,,,14.8,194,2.97,3
PYTH,,,0.0,1,2.97,1
PYTH,,,0.55,3,2.97,1
PYTH,,,34.02,122,2.97,3
PYTH,,,4.79,28,2.97,3
PYTH,,,2.53,19,2.97,2
PYTH,,,2.7,4,2.97,2
PYTH,,,1.38,2,2.97,2
PYTH,,,1.41,3,2.97,2
PYTH,,,1.26,2,2.97,2
PYTH,,,0.0,1,2.97,1
PYTH,,,2.96,8,2.97,3
PYTH,,,6.19,11,2.97,3
PYTH,,,4.44,6,2.97,3
PYTH,,,0.0,1,2.97,1
PYTH,1.957,57.6,0.08,9,2.97,1
PYTH,2.361,57.6,2.94,13,2.97,2
PYTH,2.266,54.7,0.04,5,2.97,1
PYTH,2.527,54.7,9.92,137,2.97,3
TIA,,,2.51,10,2.97,2
TIA,,,0.42,5,2.97,1
TIA,,,0.0,1,2.97,1
TIA,,,1.36,3,2.97,2
TIA,,,32.09,58,2.97,3
TIA,,,0.0,1,2.97,1
TIA,,,1.33,2,2.97,1
TIA,,,9.56,17,2.97,3
TIA,,,23.43,133,2.97,3
TIA,,,4.31,9,2.97,3
TIA,,,6.68,32,2.97,3
TIA,,,1.17,2,2.97,2
TIA,,,1.68,3,2.97,2
TIA,,,2.86,4,2.97,3
TIA,,,0.58,3,2.97,1
TIA,,,0.87,2,2.97,1
TIA,,,0.0,1,2.97,1
TIA,,,1.25,2,2.97,2
TIA,,,2.14,12,2.97,2
TIA,,,0.0,1,2.97,1
TIA,,,4.15,9,2.97,3
TIA,,,7.05,8,2.97,3
TIA,,,22.98,454,2.97,3
TIA,,,0.9,6,2.97,1
TIA,,,1.63,13,2.97,2
TIA,,,2.89,9,2.97,2
TIA,,,2.79,36,2.97,3
ONDO,,,0.0,1,2.97,1
ONDO,,,2.98,8,2.97,3
ONDO,,,0.0,1,2.97,1
ONDO,,,0.77,2,2.97,1
ONDO,,,0.0,1,2.97,1
ONDO,,,1.18,2,2.97,2
ONDO,,,2.98,2,2.97,2
ONDO,,,0.0,1,2.97,1
ONDO,,,0.0,1,2.97,1
ONDO,,,0.0,1,2.97,1
ONDO,,,3.27,2,2.97,2
ONDO,,,2.18,2,2.97,2
ONDO,,,0.0,1,2.97,1
ONDO,,,0.0,1,2.97,1
ONDO,,,7.42,4,2.97,3
ONDO,,,0.0,1,2.97,1
ONDO,,,0.0,1,2.97,1
ONDO,,,0.0,1,2.97,1
ONDO,,,0.0,1,2.97,1
ONDO,,,5.81,2,2.97,2
ONDO,,,8.75,5,2.97,3
ONDO,,,0.0,1,2.97,1
ONDO,,,0.0,1,2.97,1
ONDO,,,7.45,3,2.97,3
ONDO,,,10.26,5,2.97,3
ONDO,,,1.8,4,2.97,2
ONDO,,,0.0,1,2.97,1
ONDO,,,7.46,12,2.97,3
ONDO,,,3.17,4,2.97,3
ONDO,,,2.78,4,2.97,2
ONDO,,,0.0,1,2.97,1
ONDO,,,14.72,62,2.97,3
ONDO,,,1.55,2,2.97,2
ONDO,,,4.41,10,2.97,3
ONDO,,,31.21,426,2.97,3
ONDO,,,16.2,102,2.97,3
ONDO,,,1.33,3,2.97,1
ONDO,,,0.0,1,2.97,1
ONDO,,,5.25,5,2.97,3
ONDO,,,0.0,1,2.97,1
ONDO,,,1.13,2,2.97,1
ONDO,,,3.51,4,2.97,3
ONDO,,,4.01,7,2.97,3
ONDO,,,5.16,4,2.97,3
ONDO,,,1.55,4,2.97,2
ONDO,,,10.87,22,2.97,3
ONDO,,,4.22,6,2.97,3
ONDO,,,1.22,2,2.97,2
ONDO,,,2.34,5,2.97,2
ONDO,3.643,66.0,0.65,2,2.97,1
ONDO,1.175,44.2,0.0,1,2.97,1
ONDO,1.498,44.2,6.84,13,2.97,3
ONDO,1.568,44.2,2.49,14,2.97,3
ONDO,1.532,53.5,20.44,36,2.97,3
ONDO,1.502,66.7,0.0,1,2.97,1
ONDO,1.484,66.7,0.0,1,2.97,1
ONDO,1.597,72.0,3.35,3,2.97,2
ONDO,1.225,72.0,3.11,2,2.97,2
ONDO,1.713,72.0,0.0,1,2.97,1
ONDO,2.175,72.0,2.31,2,2.97,2
ONDO,2.579,72.0,9.67,9,2.97,3
ONDO,2.958,72.0,0.0,1,2.97,1
ONDO,1.639,53.0,1.25,5,2.97,2
ONDO,1.88,53.0,0.85,2,2.97,1
ONDO,2.019,53.0,0.0,1,2.97,1
ONDO,2.343,53.0,10.81,63,2.97,3
ONDO,2.046,58.5,4.26,35,2.97,3
ONDO,2.012,50.5,0.48,5,2.97,1
ONDO,1.98,51.9,12.54,75,2.97,3
ONDO,1.562,51.1,33.06,66,2.97,3
ONDO,1.73,56.0,3.27,6,2.97,3
ONDO,2.222,53.2,0.0,1,2.97,1
ONDO,2.104,53.2,28.09,785,2.97,3
ONDO,2.308,57.8,0.29,2,2.97,1
ONDO,2.312,57.8,0.58,2,2.97,1
ONDO,2.472,57.8,12.26,133,2.97,3
ONDO,2.536,71.9,0.0,1,2.97,1
ONDO,0.704,48.1,11.05,45,2.97,3
ONDO,0.8,50.5,1.41,2,2.97,2
ONDO,0.932,53.4,0.4,4,2.97,1
ONDO,1.128,53.4,2.64,10,2.97,2
ONDO,1.155,53.4,1.87,7,2.97,2
ONDO,1.275,50.8,0.64,6,2.97,1
ONDO,1.545,50.8,60.09,3950,2.97,3
ONDO,0.541,42.5,2.21,16,2.97,2
ONDO,0.639,45.5,2.51,7,2.97,3
ONDO,0.639,45.5,7.9,31,2.97,3
ONDO,0.623,41.4,11.66,140,2.97,3
ONDO,0.623,51.9,1.42,7,2.97,1
ONDO,0.853,51.9,31.48,640,2.97,3
ENA,,,0.0,1,2.97,1
ENA,,,0.0,1,2.97,1
ENA,,,0.0,1,2.97,1
ENA,,,0.0,1,2.97,1
ENA,,,0.0,1,2.97,1
ENA,,,0.0,1,2.97,1
ENA,,,0.0,1,2.97,1
ENA,,,11.11,3,2.97,3
ENA,,,0.0,1,2.97,1
ENA,,,3.9,2,2.97,2
ENA,,,4.14,2,2.97,2
ENA,,,5.34,3,2.97,3
ENA,,,0.0,1,2.97,1
ENA,,,0.0,1,2.97,1
ENA,,,0.0,1,2.97,1
ENA,,,0.0,1,2.97,1
ENA,,,0.0,1,2.97,1
ENA,,,15.78,10,2.97,3
ENA,,,3.11,3,2.97,3
ENA,,,15.37,29,2.97,3
ENA,,,5.49,8,2.97,3
ENA,,,0.0,1,2.97,1
ENA,,,3.47,4,2.97,2
ENA,,,0.0,1,2.97,1
ENA,,,6.58,13,2.97,3
ENA,,,0.0,1,2.97,1
ENA,,,3.03,2,2.97,2
ENA,,,2.41,4,2.97,3
ENA,,,13.65,21,2.97,3
ENA,,,0.0,1,2.97,1
ENA,,,0.27,2,2.97,1
ENA,,,0.58,2,2.97,1
ENA,,,1.11,2,2.97,2
ENA,,,0.0,1,2.97,1
ENA,,,4.05,6,2.97,3
ENA,,,2.88,6,2.97,2
ENA,,,0.0,1,2.97,1
ENA,,,82.45,5652,2.97,3
ENA,1.514,52.7,0.49,2,2.97,1
ENA,1.505,52.7,11.94,10,2.97,3
ENA,1.619,52.7,0.25,2,2.97,1
ENA,2.116,52.7,0.0,1,2.97,1
ENA,2.98,52.7,3.11,5,2.97,3
ENA,2.475,53.6,0.7,5,2.97,1
ENA,2.66,53.6,1.31,3,2.97,2
ENA,2.611,53.6,22.74,315,2.97,3
ENA,2.412,64.3,0.71,3,2.97,1
ENA,2.825,64.3,4.38,18,2.97,3
ENA,0.147,43.9,24.58,214,2.97,3
ENA,-0.249,45.1,0.0,1,2.97,1
EIGEN,,,0.0,1,2.97,1
EIGEN,,,0.0,1,2.97,1
EIGEN,,,6.28,7,2.97,3
EIGEN,,,48.56,1534,2.97,3
EIGEN,2.1,62.5,0.76,2,2.97,1
EIGEN,2.468,62.5,10.44,30,2.97,3
EIGEN,2.052,67.4,2.04,4,2.97,2
EIGEN,2.136,67.4,2.89,6,2.97,2
EIGEN,2.513,67.4,0.0,1,2.97,1
EIGEN,0.968,42.1,1.86,5,2.97,2
W,,,0.0,1,2.97,1
W,,,0.0,1,2.97,1
W,,,0.0,1,2.97,1
W,,,0.0,1,2.97,1
W,,,2.59,2,2.97,2
W,,,0.0,1,2.97,1
W,,,4.31,2,2.97,2
W,,,0.0,1,2.97,1
W,,,1.27,2,2.97,2
W,,,2.87,2,2.97,2
W,,,2.05,2,2.97,2
W,,,0.0,1,2.97,1
ZRO,,,0.0,1,2.97,1
ZRO,,,3.88,2,2.97,2
ZRO,,,30.59,261,2.97,3
ZRO,,,1.87,6,2.97,2
ZRO,,,1.35,13,2.97,1
ZRO,,,1.15,3,2.97,2
ZRO,,,1.47,6,2.97,1
ZRO,,,1.37,14,2.97,2
ZRO,,,7.14,27,2.97,3
ZRO,,,11.12,81,2.97,3
ZRO,,,0.0,1,2.97,1
ZRO,,,1.27,3,2.97,2
ZRO,,,1.4,4,2.97,2
ZRO,,,1.45,13,2.97,2
ZRO,,,2.45,20,2.97,2
ZRO,,,43.66,1465,2.97,3
ZRO,1.031,43.3,0.3,2,2.97,1
ZRO,1.297,43.3,33.58,1292,2.97,3
ZRO,2.813,62.3,9.97,62,2.97,3
ZRO,2.529,65.6,1.2,3,2.97,1
ZRO,2.842,65.6,4.86,45,2.97,3
ZRO,2.95,67.9,2.99,10,2.97,3
ZRO,2.406,66.6,5.92,6,2.97,3
ZRO,2.746,66.6,4.46,7,2.97,3
ZRO,2.001,66.6,1.63,4,2.97,2
ZRO,2.514,66.6,0.34,2,2.97,1
ZRO,2.726,66.6,3.34,14,2.97,3
ZRO,0.949,44.2,0.0,1,2.97,1
ZRO,1.035,44.2,0.78,3,2.97,1
ZRO,1.651,44.2,15.45,100,2.97,3
ZRO,1.381,49.8,0.52,3,2.97,1
HYPE,,,4.36,8,2.97,3
HYPE,,,6.33,49,2.97,3
HYPE,,,3.56,21,2.97,3
HYPE,,,0.36,4,2.97,1
HYPE,,,1.7,10,2.97,2
HYPE,,,12.06,150,2.97,3
HYPE,,,1.33,4,2.97,1
HYPE,,,1.17,10,2.97,1
HYPE,,,2.78,10,2.97,3
HYPE,,,1.22,9,2.97,2
HYPE,,,2.8,8,2.97,2
HYPE,,,4.88,25,2.97,3
HYPE,,,11.37,83,2.97,3
HYPE,,,2.09,8,2.97,2
HYPE,,,29.68,590,2.97,3
HYPE,,,0.72,13,2.97,1
HYPE,,,1.13,11,2.97,2
HYPE,,,2.94,20,2.97,2
HYPE,,,1.08,5,2.97,2
HYPE,,,6.69,77,2.97,3
HYPE,2.52,59.6,23.62,559,2.97,3
HYPE,1.457,57.2,0.89,7,2.97,1
HYPE,1.662,61.7,6.45,22,2.97,3
HYPE,2.058,57.6,17.26,288,2.97,3
HYPE,1.915,52.7,15.29,297,2.97,3
HYPE,2.527,66.3,2.63,14,2.97,2
HYPE,2.586,68.5,1.49,26,2.97,2
HYPE,2.678,69.9,0.32,15,2.97,1
HYPE,0.849,38.4,18.84,258,2.97,3
ASTER,,,4.69,4,2.97,3
ASTER,,,1.61,3,2.97,2
ASTER,,,6.31,16,2.97,3
ASTER,,,2.42,6,2.97,3
AAVE,,,0.0,1,2.97,1
AAVE,,,6.61,26,2.97,3
AAVE,,,23.46,155,2.97,3
AAVE,,,36.91,337,2.97,3
AAVE,,,1.48,4,2.97,1
AAVE,,,0.0,1,2.97,1
AAVE,,,1.0,2,2.97,1
AAVE,,,0.0,1,2.97,1
AAVE,,,0.0,1,2.97,1
AAVE,,,12.65,8,2.97,3
AAVE,,,0.0,1,2.97,1
AAVE,,,5.44,7,2.97,3
AAVE,,,0.0,1,2.97,1
AAVE,,,1.91,2,2.97,2
AAVE,,,1.52,2,2.97,2
AAVE,,,0.0,1,2.97,1
AAVE,,,0.0,1,2.97,1
AAVE,,,4.25,6,2.97,3
AAVE,,,3.21,5,2.97,3
AAVE,,,0.0,1,2.97,1
AAVE,,,1.54,2,2.97,2
AAVE,,,35.53,147,2.97,3
AAVE,,,0.98,3,2.97,1
AAVE,,,2.26,4,2.97,2
AAVE,,,2.1,5,2.97,2
AAVE,,,11.9,35,2.97,3
AAVE,,,0.0,1,2.97,1
AAVE,,,1.55,4,2.97,2
AAVE,1.213,52.9,0.0,1,2.97,1
AAVE,1.443,52.9,4.63,19,2.97,3
AAVE,1.62,52.9,2.44,2,2.97,2
AAVE,1.728,56.8,2.63,21,2.97,3
AAVE,1.68,56.8,1.11,8,2.97,2
AAVE,1.824,58.3,0.35,2,2.97,1
AAVE,2.244,58.3,4.18,33,2.97,3
AAVE,2.376,58.8,6.61,43,2.97,3
AAVE,2.292,56.6,1.23,7,2.97,2
AAVE,2.342,60.4,5.33,46,2.97,3
AAVE,2.456,55.6,2.18,11,2.97,2
AAVE,2.768,55.6,32.6,372,2.97,3
AAVE,1.854,72.5,1.31,2,2.97,1
AAVE,2.217,72.5,0.0,1,2.97,1
AAVE,2.372,72.5,15.81,8,2.97,3
AAVE,2.278,72.5,3.81,2,2.97,2
AAVE,2.168,72.5,0.0,1,2.97,1
AAVE,2.484,72.5,0.0,1,2.97,1
AAVE,2.647,72.5,0.0,1,2.97,1
AAVE,2.881,68.6,14.08,16,2.97,3
AAVE,4.529,62.7,53.87,1842,2.97,3
AAVE,2.293,61.6,4.48,33,2.97,3
AAVE,2.558,54.0,0.96,3,2.97,1
AAVE,2.71,54.0,23.21,220,2.97,3
AAVE,2.998,59.5,4.12,3,2.97,3
AAVE,2.501,59.5,0.0,1,2.97,1
AAVE,-0.514,38.0,43.38,66,2.97,3
AAVE,-0.35,44.8,4.12,5,2.97,3
AAVE,-0.457,48.3,12.98,21,2.97,3
AAVE,-0.53,48.3,2.57,3,2.97,2
AAVE,-0.416,45.3,1.86,3,2.97,2
AAVE,-0.335,45.3,7.25,16,2.97,3
AAVE,-0.265,41.9,6.6,14,2.97,3
AAVE,-0.356,41.9,27.29,143,2.97,3
AAVE,-0.316,49.6,4.39,19,2.97,3
AAVE,-0.319,47.3,56.66,1649,2.97,3
AAVE,2.322,59.4,0.28,6,2.97,1
AAVE,2.723,59.4,16.93,361,2.97,3
AAVE,2.268,57.1,39.2,1247,2.97,3
AAVE,2.325,60.1,87.83,27411,2.97,3
AAVE,2.46,52.4,12.46,17,2.97,3
AAVE,2.658,52.4,0.0,1,2.97,1
AAVE,2.712,52.4,1.09,6,2.97,2
AAVE,2.676,56.4,0.74,2,2.97,1
AAVE,2.915,56.4,12.79,58,2.97,3
AAVE,2.853,64.3,1.09,3,2.97,2
AAVE,1.787,53.3,1.18,12,2.97,2
AAVE,2.12,53.3,1.4,7,2.97,2
AAVE,2.585,53.3,12.77,160,2.97,3
AAVE,2.33,54.4,26.71,377,2.97,3
AAVE,1.071,63.0,4.8,6,2.97,3
AAVE,0.886,63.0,5.93,3,2.97,3
AAVE,1.135,63.0,6.86,15,2.97,3
AAVE,1.218,56.3,1.49,7,2.97,2
AAVE,1.483,56.3,68.96,5131,2.97,3
