timestamp,equity,dd_pct
1775347200000,9999.0,0.01
1775350800000,10004.3,0.0
1775354400000,10021.53,0.0
1775358000000,10021.53,0.0
1775361600000,10013.58,0.0793
1775365200000,10014.9,0.0661
1775368800000,9968.52,0.5289
1775372400000,9967.1,0.5431
1775376000000,9992.7,0.2876
1775379600000,10026.84,0.0
1775383200000,9984.17,0.4256
1775386800000,9992.7,0.3405
1775390400000,9960.69,0.6597
1775394000000,9913.75,1.1279
1775397600000,9945.76,0.8087
1775401200000,9956.43,0.7023
1775404800000,9928.69,0.9789
1775408400000,9950.03,0.7661
1775412000000,9967.1,0.5958
1775415600000,9969.23,0.5746
1775419200000,10007.64,0.1915
1775422800000,9992.7,0.3405
1775426400000,10148.46,0.0
1775430000000,10190.35,0.0
1775433600000,10189.35,0.0098
1775437200000,10175.09,0.1497
1775440800000,10221.76,0.0
1775444400000,10267.13,0.0
1775448000000,10309.32,0.0
1775451600000,10308.32,0.0097
1775455200000,10281.95,0.2655
1775458800000,10307.07,0.0219
1775462400000,10349.76,0.0
1775466000000,10392.45,0.0
1775469600000,10428.29,0.0
1775473200000,10427.29,0.0096
1775476800000,10423.57,0.0453
1775480400000,10450.86,0.0
1775484000000,10443.42,0.0712
1775487600000,10412.41,0.3679
1775491200000,10421.09,0.2848
1775494800000,10391.32,0.5697
1775498400000,10407.45,0.4154
1775502000000,10363.02,0.8405
1775505600000,10383.01,0.6492
1775509200000,10319.05,1.2613
1775512800000,10251.08,1.9116
1775516400000,10301.92,1.4251
1775520000000,10272.83,1.7035
1775523600000,10219.95,2.2095
1775527200000,10270.19,1.7288
1775530800000,10272.83,1.7035
1775534400000,10296.63,1.4757
1775538000000,10278.12,1.6529
1775541600000,10238.46,2.0324
1775545200000,10267.55,1.7541
1775548800000,10405.04,0.4384
1775552400000,10410.33,0.3878
1775556000000,10304.56,1.3998
1775559600000,10291.34,1.5263
1775563200000,10214.66,2.2601
1775566800000,10219.95,2.2095
1775570400000,10264.9,1.7794
1775574000000,10325.72,1.1974
1775577600000,10251.68,1.9059
1775581200000,10278.12,1.6529
1775584800000,10254.32,1.8806
1775588400000,10420.91,0.2866
1775592000000,10423.55,0.2613
1775595600000,10678.13,0.0
1775599200000,10677.13,0.0094
1775602800000,10680.71,0.0
1775606400000,10683.1,0.0
1775610000000,10720.09,0.0
1775613600000,10728.44,0.0
1775617200000,10710.54,0.1669
1775620800000,10699.8,0.267
1775624400000,10736.8,0.0
1775628000000,10752.31,0.0
1775631600000,10797.1,0.0
1775635200000,10796.1,0.0093
1775638800000,10743.41,0.4973
1775642400000,10716.01,0.751
1775646000000,10736.33,0.5628
1775649600000,10793.59,0.0325
1775653200000,10741.87,0.5115
1775656800000,10584.22,1.9716
1775660400000,10633.14,1.5185
1775664000000,10611.13,1.7224
1775667600000,10608.68,1.7451
1775671200000,10488.82,2.8552
1775674800000,10488.82,2.8552
1775678400000,10435.01,3.3536
1775682000000,10373.86,3.92
1775685600000,10310.26,4.509
1775689200000,10349.39,4.1465
1775692800000,10273.56,4.8488
1775696400000,10280.9,4.7809
1775700000000,10288.24,4.7129
1775703600000,10298.03,4.6223
1775707200000,10268.21,4.8984
1775710800000,10250.56,5.0619
1775714400000,10241.74,5.1436
1775718000000,10282.92,4.7622
1775721600000,10309.39,4.517
1775725200000,10332.92,4.2991
1775728800000,10356.45,4.0812
1775732400000,10285.86,4.735
1775736000000,10409.4,3.5908
1775739600000,10394.69,3.727
1775743200000,10588.82,1.929
1775746800000,10700.59,0.8938
1775750400000,10612.35,1.7111
1775754000000,10662.35,1.248
1775757600000,10744.71,0.4852
1775761200000,10718.24,0.7304
1775764800000,10732.94,0.5942
1775768400000,10656.47,1.3025
1775772000000,10574.11,2.0653
1775775600000,9771.13,9.5023
1775779200000,9176.98,15.0052
1775782800000,9350.51,13.3979
1775786400000,9382.87,13.0982
1775790000000,8921.08,17.3752
1775793600000,8576.94,20.5625
1775797200000,8738.72,19.0642
1775800800000,8579.88,20.5353
1775804400000,8529.88,20.9984
1775808000000,8532.82,20.9712
1775811600000,8691.65,19.5001
1775815200000,8659.3,19.7998
1775818800000,8553.41,20.7805
1775822400000,8491.64,21.3525
1775826000000,8524.0,21.0529
1775829600000,8765.19,18.819
1775833200000,8697.54,19.4456
1775836800000,8703.42,19.3911
1775840400000,8738.72,19.0642
1775844000000,8718.13,19.2549
1775847600000,8609.3,20.2629
1775851200000,8535.76,20.9439
1775854800000,8565.18,20.6715
1775858400000,8353.4,22.6329
1775862000000,8376.93,22.415
1775865600000,8344.58,22.7146
1775869200000,8347.52,22.6874
1775872800000,8529.88,20.9984
1775876400000,8521.06,21.0801
1775880000000,8576.94,20.5625
1775883600000,8491.64,21.3525
1775887200000,8503.41,21.2436
1775890800000,8465.17,21.5977
1775894400000,8494.58,21.3253
1775898000000,8512.23,21.1619
1775901600000,8562.24,20.6987
1775905200000,8647.53,19.9087
1775908800000,8591.65,20.4263
1775912400000,8526.94,21.0256
1775916000000,8568.12,20.6443
1775919600000,8550.47,20.8077
1775923200000,8615.18,20.2084
1775926800000,8556.35,20.7532
1775930400000,8621.06,20.1539
1775934000000,8794.6,18.5466
1775937600000,8785.78,18.6284
1775941200000,8962.26,16.9938
1775944800000,8950.49,17.1028
1775948400000,8850.49,18.029
1775952000000,8818.13,18.3287
1775955600000,8579.88,20.5353
1775959200000,8582.82,20.508
1775962800000,8532.82,20.9712
1775966400000,8521.06,21.0801
1775970000000,8550.47,20.8077
1775973600000,8462.23,21.625
1775977200000,8485.76,21.407
1775980800000,8603.41,20.3174
1775984400000,8618.12,20.1811
1775988000000,8544.59,20.8622
1775991600000,8585.77,20.4808
1775995200000,8509.29,21.1891
1775998800000,8512.23,21.1619
1776002400000,8400.46,22.197
1776006000000,8385.76,22.3333
1776009600000,8406.34,22.1426
1776013200000,8521.06,21.0801
1776016800000,8447.52,21.7612
1776020400000,8491.64,21.3525
1776024000000,8509.29,21.1891
1776027600000,8462.23,21.625
1776031200000,8476.94,21.4888
1776034800000,8423.99,21.9791
1776038400000,8479.88,21.4615
1776042000000,8597.53,20.3718
1776045600000,8438.7,21.8429
1776049200000,8444.58,21.7884
1776052800000,8403.4,22.1698
1776056400000,8426.93,21.9519
1776060000000,8488.7,21.3798
1776063600000,8403.4,22.1698
1776067200000,8397.52,22.2243
1776070800000,8418.11,22.0336
1776074400000,8432.82,21.8974
1776078000000,8485.76,21.407
1776081600000,8503.41,21.2436
1776085200000,8515.17,21.1346
1776088800000,8485.76,21.407
1776092400000,8271.04,23.3957
1776096000000,8294.57,23.1778
1776099600000,8318.1,22.9598
1776103200000,8338.69,22.7691
1776106800000,8376.93,22.415
1776110400000,8297.51,23.1505
1776114000000,8382.81,22.3605
1776117600000,8479.88,21.4615
1776121200000,8471.05,21.5432
1776124800000,8318.1,22.9598
1776128400000,8309.28,23.0415
1776132000000,8318.1,22.9598
1776135600000,8341.64,22.7419
1776139200000,8335.75,22.7964
1776142800000,8271.04,23.3957
1776146400000,8253.39,23.5591
1776150000000,8223.98,23.8316
1776153600000,8218.1,23.886
1776157200000,8212.22,23.9405
1776160800000,8179.86,24.2402
1776164400000,8147.51,24.5399
1776168000000,8065.15,25.3026
1776171600000,8150.45,24.5126
1776175200000,8191.63,24.1312
1776178800000,8082.8,25.1392
1776182400000,7862.2,27.1823
1776186000000,7985.73,26.0382
1776189600000,7879.84,27.0189
1776193200000,7856.31,27.2368
1776196800000,7862.2,27.1823
1776200400000,7906.32,26.7737
1776204000000,7815.14,27.6182
1776207600000,7835.72,27.4275
1776211200000,8000.44,25.902
1776214800000,8062.21,25.3299
1776218400000,8050.44,25.4388
1776222000000,8053.38,25.4116
1776225600000,8041.62,25.5206
1776229200000,7982.79,26.0654
1776232800000,7997.5,25.9292
1776236400000,7947.5,26.3923
1776240000000,8085.74,25.1119
1776243600000,8121.03,24.785
1776247200000,8103.39,24.9485
1776250800000,8085.74,25.1119
1776254400000,8121.03,24.785
1776258000000,8073.97,25.2209
1776261600000,8038.68,25.5478
1776265200000,8047.5,25.4661
1776268800000,8026.91,25.6568
1776272400000,7994.56,25.9564
1776276000000,7991.62,25.9837
1776279600000,8015.15,25.7657
1776283200000,7950.44,26.3651
1776286800000,7947.5,26.3923
1776290400000,7932.79,26.5285
1776294000000,7903.38,26.8009
1776297600000,7894.55,26.8827
1776301200000,7891.61,26.9099
1776304800000,7921.02,26.6375
1776308400000,7982.79,26.0654
1776312000000,7935.73,26.5013
1776315600000,7918.08,26.6647
1776319200000,7944.55,26.4195
1776322800000,7923.96,26.6102
1776326400000,7862.2,27.1823
1776330000000,7903.38,26.8009
1776333600000,7803.37,27.7272
1776337200000,7838.67,27.4003
1776340800000,7868.08,27.1278
1776344400000,7944.55,26.4195
1776348000000,7803.37,27.7272
1776351600000,7897.49,26.8554
1776355200000,7762.19,28.1085
1776358800000,7791.6,27.8361
1776362400000,7935.73,26.5013
1776366000000,7965.14,26.2289
1776369600000,7979.85,26.0926
1776373200000,8023.97,25.684
1776376800000,8062.21,25.3299
1776380400000,8235.75,23.7226
1776384000000,8329.87,22.8509
1776387600000,8315.16,22.9871
1776391200000,8197.51,24.0767
1776394800000,8244.57,23.6409
1776398400000,8079.86,25.1664
1776402000000,8035.74,25.575
1776405600000,8047.5,25.4661
1776409200000,8041.62,25.5206
1776412800000,8144.57,24.5671
1776416400000,8173.98,24.2947
1776420000000,8100.45,24.9757
1776423600000,8294.57,23.1778
1776427200000,8256.34,23.5319
1776430800000,8273.98,23.3685
1776434400000,8402.81,22.1753
1776438000000,8498.11,21.2926
1776441600000,8612.83,20.2302
1776445200000,8400.76,22.1943
1776448800000,8444.88,21.7857
1776452400000,8501.06,21.2654
1776456000000,8435.76,21.8701
1776459600000,8485.76,21.407
1776463200000,8509.88,21.1836
1776466800000,8365.75,22.5185
1776470400000,8405.76,22.148
1776474000000,8246.92,23.6191
1776477600000,8257.81,23.5183
1776481200000,8253.1,23.5619
1776484800000,8260.16,23.4965
1776488400000,8261.04,23.4883
1776492000000,8318.4,22.9571
1776495600000,8311.93,23.017
1776499200000,8239.86,23.6845
1776502800000,8171.63,24.3165
1776506400000,8111.03,24.8777
1776510000000,8093.39,25.0411
1776513600000,8145.15,24.5616
1776517200000,8121.03,24.785
1776520800000,8140.15,24.608
1776524400000,8124.27,24.7551
1776528000000,8111.62,24.8722
1776531600000,8049.85,25.4443
1776535200000,8012.2,25.793
1776538800000,8048.38,25.4579
1776542400000,8008.38,25.8284
1776546000000,7993.09,25.9701
1776549600000,8035.44,25.5778
1776553200000,8038.38,25.5505
1776556800000,7891.9,26.9072
1776560400000,7916.32,26.6811
1776564000000,7876.32,27.0516
1776567600000,7926.32,26.5884
1776571200000,7949.85,26.3705
1776574800000,7886.02,26.9617
1776578400000,7884.26,26.978
1776582000000,7876.32,27.0516
1776585600000,7981.03,26.0817
1776589200000,7963.38,26.2452
1776592800000,8051.03,25.4334
1776596400000,8052.21,25.4225
1776600000000,8086.62,25.1038
1776603600000,8129.27,24.7088
1776607200000,8084.86,25.1201
1776610800000,8001.62,25.8911
1776614400000,8022.79,25.6949
1776618000000,7962.5,26.2534
1776621600000,7829.55,27.4847
1776625200000,7894.26,26.8854
1776628800000,7875.43,27.0597
1776632400000,7928.08,26.5721
1776636000000,7837.49,27.4112
1776639600000,7830.72,27.4738
1776643200000,7891.02,26.9154
1776646800000,7928.08,26.5721
1776650400000,7940.14,26.4604
1776654000000,7964.56,26.2343
1776657600000,7899.55,26.8364
1776661200000,7870.73,27.1033
1776664800000,7903.08,26.8037
1776668400000,7989.26,26.0055
1776672000000,7968.67,26.1962
1776675600000,7978.09,26.109
1776679200000,8006.32,25.8475
1776682800000,7988.67,26.0109
1776686400000,7964.26,26.237
1776690000000,7916.61,26.6783
1776693600000,7961.61,26.2615
1776697200000,7948.38,26.3841
1776700800000,8006.62,25.8447
1776704400000,8088.97,25.082
1776708000000,8129.56,24.706
1776711600000,8077.8,25.1855
1776715200000,8089.86,25.0738
1776718800000,8043.09,25.5069
1776722400000,8013.68,25.7794
1776726000000,7989.26,26.0055
1776729600000,7963.67,26.2425
1776733200000,8010.15,25.8121
1776736800000,8001.03,25.8965
1776740400000,8000.44,25.902
1776744000000,7973.97,26.1471
1776747600000,8050.15,25.4416
1776751200000,8020.15,25.7194
1776754800000,8036.32,25.5696
1776758400000,8087.5,25.0956
1776762000000,8084.27,25.1256
1776765600000,8077.8,25.1855
1776769200000,8119.56,24.7987
1776772800000,8067.21,25.2836
1776776400000,8041.03,25.526
1776780000000,7996.03,25.9428
1776783600000,7968.08,26.2016
1776787200000,7973.97,26.1471
1776790800000,7918.67,26.6593
1776794400000,7946.32,26.4032
1776798000000,7969.85,26.1853
1776801600000,7951.03,26.3596
1776805200000,7992.5,25.9755
1776808800000,7970.73,26.1771
1776812400000,7968.97,26.1934
1776816000000,8015.15,25.7657
1776819600000,7921.32,26.6348
1776823200000,7988.97,26.0082
1776826800000,8056.33,25.3844
1776830400000,8045.44,25.4852
1776834000000,8115.15,24.8395
1776837600000,8087.21,25.0983
1776841200000,8059.27,25.3571
1776844800000,8135.74,24.6488
1776848400000,8089.27,25.0792
1776852000000,8016.32,25.7548
1776855600000,8071.03,25.2481
1776859200000,8076.03,25.2018
1776862800000,8077.5,25.1882
1776866400000,8077.8,25.1855
1776870000000,7961.61,26.2615
1776873600000,7986.03,26.0354
1776877200000,8031.32,25.6159
1776880800000,8111.03,24.8777
1776884400000,8077.5,25.1882
1776888000000,8008.68,25.8257
1776891600000,8019.26,25.7276
1776895200000,8126.03,24.7387
1776898800000,8068.38,25.2727
1776902400000,8012.5,25.7903
1776906000000,7978.38,26.1063
1776909600000,7973.38,26.1526
1776913200000,7888.96,26.9344
1776916800000,7903.67,26.7982
1776920400000,7939.26,26.4686
1776924000000,7950.44,26.3651
1776927600000,7923.08,26.6184
1776931200000,7921.91,26.6293
1776934800000,7926.91,26.583
1776938400000,7891.32,26.9126
1776942000000,7926.61,26.5857
1776945600000,7924.55,26.6048
1776949200000,7947.79,26.3896
1776952800000,7966.61,26.2152
1776956400000,8019.26,25.7276
1776960000000,8036.91,25.5642
1776963600000,7896.61,26.8636
1776967200000,7947.79,26.3896
1776970800000,7949.85,26.3705
1776974400000,8046.03,25.4797
1776978000000,8052.8,25.417
1776981600000,8166.04,24.3682
1776985200000,8165.45,24.3737
1776988800000,8274.87,23.3603
1776992400000,8184.86,24.1939
1776996000000,8172.51,24.3083
1776999600000,8042.5,25.5124
1777003200000,7972.79,26.158
1777006800000,8008.68,25.8257
1777010400000,8049.85,25.4443
1777014000000,8014.85,25.7685
1777017600000,8058.68,25.3626
1777021200000,7997.2,25.9319
1777024800000,7992.2,25.9782
1777028400000,8096.92,25.0084
1777032000000,8095.44,25.022
1777035600000,8107.8,24.9076
1777039200000,8083.97,25.1283
1777042800000,7989.85,26.0
1777046400000,8044.85,25.4906
1777050000000,8107.21,24.9131
1777053600000,8065.74,25.2972
1777057200000,8167.51,24.3546
1777060800000,8140.74,24.6025
1777064400000,8160.15,24.4227
1777068000000,8165.74,24.371
1777071600000,8099.86,24.9812
1777075200000,8089.27,25.0792
1777078800000,8068.68,25.2699
1777082400000,8083.39,25.1337
1777086000000,8139.27,24.6161
1777089600000,8117.21,24.8204
1777093200000,8116.62,24.8259
1777096800000,8181.63,24.2238
1777100400000,8183.1,24.2102
1777104000000,8147.21,24.5426
1777107600000,8168.68,24.3437
1777111200000,8181.63,24.2238
1777114800000,8194.27,24.1067
1777118400000,8209.86,23.9623
1777122000000,8196.04,24.0904
1777125600000,8172.51,24.3083
1777129200000,8153.1,24.4881
1777132800000,8124.27,24.7551
1777136400000,8078.09,25.1828
1777140000000,8041.91,25.5178
1777143600000,8048.97,25.4525
1777147200000,8031.91,25.6105
1777150800000,8069.86,25.259
1777154400000,8061.33,25.338
1777158000000,8064.27,25.3108
1777161600000,8053.38,25.4116
1777165200000,8037.5,25.5587
1777168800000,8025.15,25.6731
1777172400000,8032.5,25.605
1777176000000,8023.97,25.684
1777179600000,8056.91,25.3789
1777183200000,8063.38,25.319
1777186800000,8062.8,25.3244
1777190400000,8047.8,25.4634
1777194000000,8034.56,25.5859
1777197600000,8066.33,25.2917
1777201200000,8072.8,25.2318
1777204800000,8050.44,25.4388
1777208400000,8038.97,25.5451
1777212000000,8076.62,25.1964
1777215600000,8113.09,24.8586
1777219200000,8116.03,24.8313
1777222800000,8109.56,24.8913
1777226400000,8125.15,24.7469
1777230000000,8194.27,24.1067
1777233600000,8170.15,24.3301
1777237200000,8166.92,24.3601
1777240800000,8181.04,24.2293
1777244400000,8209.86,23.9623
1777248000000,8222.8,23.8425
1777251600000,8260.75,23.491
1777255200000,8262.51,23.4747
1777258800000,8291.34,23.2077
1777262400000,8325.46,22.8917
1777266000000,8154.57,24.4745
1777269600000,8196.33,24.0876
1777273200000,8121.92,24.7769
1777276800000,8091.03,25.0629
1777280400000,8145.15,24.5616
1777284000000,8151.62,24.5017
1777287600000,8138.09,24.627
1777291200000,8191.92,24.1285
1777294800000,8177.8,24.2593
1777298400000,8142.21,24.5889
1777302000000,8007.2,25.8393
1777305600000,8013.68,25.7794
1777309200000,8057.21,25.3762
1777312800000,8067.8,25.2781
1777316400000,8053.97,25.4061
1777320000000,8032.79,25.6023
1777323600000,8038.68,25.5478
1777327200000,8041.03,25.526
1777330800000,8082.21,25.1446
1777334400000,8103.97,24.943
1777338000000,8080.74,25.1582
1777341600000,8087.8,25.0929
1777345200000,8061.62,25.3353
1777348800000,8083.39,25.1337
1777352400000,8115.74,24.8341
1777356000000,8098.09,24.9975
1777359600000,8089.27,25.0792
1777363200000,8131.62,24.687
1777366800000,8148.98,24.5262
1777370400000,8089.27,25.0792
1777374000000,8118.09,24.8123
1777377600000,8148.39,24.5317
1777381200000,8174.57,24.2892
1777384800000,8134.86,24.657
1777388400000,8267.51,23.4284
1777392000000,8428.4,21.9382
1777395600000,8272.22,23.3848
1777399200000,8347.81,22.6847
1777402800000,8387.52,22.3169
1777406400000,8331.05,22.84
1777410000000,8358.69,22.5839
1777413600000,8329.87,22.8509
1777417200000,8366.05,22.5158
1777420800000,8376.34,22.4204
1777424400000,8396.93,22.2297
1777428000000,8387.23,22.3196
1777431600000,8538.41,20.9194
1777435200000,8532.23,20.9766
1777438800000,8557.82,20.7396
1777442400000,8553.41,20.7805
1777446000000,8511.94,21.1646
1777449600000,8452.82,21.7121
1777453200000,8470.47,21.5487
1777456800000,8523.7,21.0556
1777460400000,8417.52,22.039
1777464000000,8340.16,22.7555
1777467600000,8359.87,22.573
1777471200000,8283.69,23.2786
1777474800000,8214.86,23.916
1777478400000,8176.92,24.2674
1777482000000,8148.39,24.5317
1777485600000,8168.39,24.3464
1777489200000,8186.04,24.183
1777492800000,8293.1,23.1914
1777496400000,8349.87,22.6656
1777500000000,8319.28,22.9489
1777503600000,8283.69,23.2786
1777507200000,8203.69,24.0195
1777510800000,8239.86,23.6845
1777514400000,8228.69,23.788
1777518000000,8173.98,24.2947
1777521600000,8155.15,24.469
1777525200000,8151.92,24.499
1777528800000,8156.04,24.4609
1777532400000,8163.98,24.3873
1777536000000,8150.45,24.5126
1777539600000,8159.57,24.4282
1777543200000,8137.21,24.6352
1777546800000,8157.51,24.4472
1777550400000,8166.63,24.3628
1777554000000,8176.92,24.2674
1777557600000,8094.86,25.0275
1777561200000,8121.33,24.7823
1777564800000,8153.39,24.4854
1777568400000,8125.45,24.7442
1777572000000,8153.39,24.4854
1777575600000,8156.04,24.4609
1777579200000,8158.68,24.4363
1777582800000,8149.27,24.5235
1777586400000,8113.98,24.8504
1777590000000,8099.27,24.9866
1777593600000,8152.21,24.4963
1777597200000,8150.45,24.5126
1777600800000,8156.33,24.4581
1777604400000,8251.04,23.5809
1777608000000,8267.81,23.4257
1777611600000,8241.92,23.6654
1777615200000,8292.22,23.1996
1777618800000,8312.22,23.0143
1777622400000,8374.58,22.4368
1777626000000,8431.35,21.911
1777629600000,8546.06,20.8486
1777633200000,8600.18,20.3473
1777636800000,8520.17,21.0883
1777640400000,8546.35,20.8458
1777644000000,8537.53,20.9276
1777647600000,8654.3,19.8461
1777651200000,8794.01,18.5521
1777654800000,8863.72,17.9064
1777658400000,8796.95,18.5248
1777662000000,8802.84,18.4703
1777665600000,8787.84,18.6093
1777669200000,8723.72,19.2032
1777672800000,8806.66,18.4349
1777676400000,8727.83,19.165
1777680000000,8746.07,18.9961
1777683600000,8795.78,18.5357
1777687200000,8746.36,18.9934
1777690800000,8791.07,18.5793
1777694400000,8809.01,18.4131
1777698000000,8786.95,18.6175
1777701600000,8807.84,18.424
1777705200000,8921.37,17.3725
1777708800000,8839.6,18.1298
1777712400000,8872.55,17.8247
1777716000000,8832.25,18.1979
1777719600000,8887.55,17.6858
1777723200000,8841.66,18.1108
1777726800000,8924.61,17.3425
1777730400000,8931.96,17.2744
1777734000000,8909.31,17.4842
1777737600000,8929.02,17.3017
1777741200000,9009.32,16.558
1777744800000,9003.73,16.6097
1777748400000,9254.63,14.286
1777752000000,9379.63,13.1282
1777755600000,9211.09,14.6892
1777759200000,9217.57,14.6292
1777762800000,9236.39,14.4549
1777766400000,9191.09,14.8744
1777770000000,9144.33,15.3076
1777773600000,9139.62,15.3511
1777777200000,9170.21,15.0678
1777780800000,9201.39,14.7791
1777784400000,9288.75,13.97
1777788000000,9262.86,14.2097
1777791600000,9288.16,13.9754
1777795200000,9288.45,13.9727
1777798800000,9203.74,14.7573
1777802400000,9141.97,15.3294
1777806000000,9192.27,14.8635
1777809600000,9288.45,13.9727
1777813200000,9234.92,14.4685
1777816800000,9215.21,14.651
1777820400000,9343.16,13.466
1777824000000,9321.4,13.6676
1777827600000,9308.45,13.7875
1777831200000,9290.22,13.9564
1777834800000,9320.81,13.673
1777838400000,9427.58,12.6842
1777842000000,9410.22,12.8449
1777845600000,9352.57,13.3788
1777849200000,9356.1,13.3461
1777852800000,9233.45,14.4821
1777856400000,9239.92,14.4222
1777860000000,9284.33,14.0108
1777863600000,9404.64,12.8966
1777867200000,9434.93,12.6161
1777870800000,9268.75,14.1552
1777874400000,9268.16,14.1607
1777878000000,9255.8,14.2751
1777881600000,9335.22,13.5396
1777885200000,9313.45,13.7411
1777888800000,9090.21,15.8088
1777892400000,9146.97,15.283
1777896000000,9153.44,15.2231
1777899600000,9198.45,14.8063
1777903200000,9172.27,15.0488
1777906800000,9019.61,16.4626
1777910400000,9014.32,16.5117
1777914000000,9106.38,15.659
1777917600000,9165.8,15.1087
1777921200000,9155.8,15.2013
1777924800000,9080.5,15.8987
1777928400000,9145.5,15.2967
1777932000000,9200.8,14.7845
1777935600000,9239.04,14.4304
1777939200000,9151.68,15.2395
1777942800000,9272.27,14.1225
1777946400000,9282.57,14.0272
1777950000000,9291.39,13.9455
1777953600000,9220.8,14.5993
1777957200000,9201.98,14.7736
1777960800000,9159.92,15.1632
1777964400000,9168.74,15.0815
1777968000000,9176.68,15.0079
1777971600000,9150.21,15.2531
1777975200000,9153.15,15.2258
1777978800000,9239.33,14.4276
1777982400000,9231.98,14.4958
1777986000000,9247.57,14.3514
1777989600000,9141.97,15.3294
1777993200000,9134.33,15.4002
1777996800000,9194.04,14.8472
1778000400000,9122.56,15.5092
1778004000000,9091.09,15.8006
1778007600000,9183.15,14.948
1778011200000,9277.57,14.0735
1778014800000,9354.34,13.3625
1778018400000,9634.35,10.7691
1778022000000,9425.52,12.7032
1778025600000,9401.11,12.9293
1778029200000,9494.93,12.0603
1778032800000,9301.39,13.8528
1778036400000,9226.98,14.5421
1778040000000,9206.39,14.7328
1778043600000,9274.04,14.1062
1778047200000,9365.22,13.2617
1778050800000,9397.58,12.962
1778054400000,9541.7,11.6272
1778058000000,9691.71,10.2378
1778061600000,9741.71,9.7747
1778065200000,10000.55,7.3774
1778068800000,9947.61,7.8678
1778072400000,9838.78,8.8757
1778076000000,9935.84,7.9768
1778079600000,10153.5,5.9608
1778083200000,10141.73,6.0698
1778086800000,10029.96,7.105
1778090400000,10050.55,6.9143
1778094000000,10003.49,7.3502
1778097600000,9956.43,7.7861
1778101200000,10050.55,6.9143
1778104800000,9827.01,8.9847
1778108400000,9885.84,8.4399
1778112000000,9915.25,8.1674
1778115600000,9779.95,9.4206
1778119200000,9800.54,9.2299
1778122800000,9806.42,9.1754
1778126400000,9879.96,8.4944
1778130000000,9903.49,8.2764
1778133600000,9997.61,7.4047
1778137200000,9965.25,7.7043
1778140800000,9853.48,8.7395
1778144400000,9806.42,9.1754
1778148000000,9838.78,8.8757
1778151600000,10015.26,7.2412
1778155200000,10015.26,7.2412
1778158800000,9874.07,8.5488
1778162400000,9818.19,9.0664
1778166000000,9762.3,9.584
1778169600000,9894.66,8.3581
1778173200000,9835.84,8.903
1778176800000,9818.19,9.0664
1778180400000,9774.07,9.4751
1778184000000,9653.47,10.592
1778187600000,9641.71,10.7009
1778191200000,9621.12,10.8916
1778194800000,9688.77,10.2651
1778198400000,9694.65,10.2106
1778202000000,9638.77,10.7282
1778205600000,9662.3,10.5103
1778209200000,9691.71,10.2378
1778212800000,9724.06,9.9382
1778216400000,9729.95,9.8837
1778220000000,9674.06,10.4013
1778223600000,9715.24,10.0199
1778227200000,9824.07,9.0119
1778230800000,9941.72,7.9223
1778234400000,9865.25,8.6306
1778238000000,9877.01,8.5216
1778241600000,9832.89,8.9302
1778245200000,9832.89,8.9302
1778248800000,9947.61,7.8678
1778252400000,9947.61,7.8678
1778256000000,9997.61,7.4047
1778259600000,9988.79,7.4864
1778263200000,10050.55,6.9143
1778266800000,10009.37,7.2957
1778270400000,10006.43,7.3229
1778274000000,10103.5,6.424
1778277600000,10065.26,6.7781
1778281200000,10106.44,6.3967
1778284800000,10056.44,6.8598
1778288400000,10006.43,7.3229
1778292000000,10065.26,6.7781
1778295600000,9974.08,7.6226
1778299200000,9971.14,7.6498
1778302800000,9994.67,7.4319
1778306400000,9944.67,7.895
1778310000000,10006.43,7.3229
1778313600000,10000.55,7.3774
1778317200000,9929.96,8.0312
1778320800000,9953.49,7.8133
1778324400000,9903.49,8.2764
1778328000000,9915.25,8.1674
1778331600000,9862.31,8.6578
1778335200000,9832.89,8.9302
1778338800000,9818.19,9.0664
1778342400000,9841.72,8.8485
1778346000000,9921.13,8.113
1778349600000,9935.84,7.9768
1778353200000,9941.72,7.9223
1778356800000,9879.96,8.4944
1778360400000,9885.84,8.4399
1778364000000,9885.84,8.4399
1778367600000,9847.6,8.794
1778371200000,9838.78,8.8757
1778374800000,9997.61,7.4047
1778378400000,9979.96,7.5681
1778382000000,10015.26,7.2412
1778385600000,9979.96,7.5681
1778389200000,9906.43,8.2492
1778392800000,9935.84,7.9768
1778396400000,10018.2,7.214
1778400000000,10053.49,6.8871
1778403600000,10003.49,7.3502
1778407200000,10009.37,7.2957
1778410800000,10041.73,6.996
1778414400000,10035.85,7.0505
1778418000000,10124.09,6.2333
1778421600000,10304.1,4.5661
1778425200000,10168.5,5.8219
1778428800000,10447.93,3.2339
1778432400000,10475.87,2.9751
1778436000000,10481.75,2.9206
1778439600000,10496.46,2.7844
1778443200000,10233.5,5.2199
1778446800000,10151.44,5.9799
1778450400000,10215.27,5.3888
1778454000000,10181.44,5.7021
1778457600000,10186.15,5.6585
1778461200000,10293.51,4.6641
1778464800000,10256.74,5.0047
1778468400000,10057.02,6.8544
1778472000000,10171.74,5.7919
1778475600000,10169.68,5.811
1778479200000,10281.74,4.7731
1778482800000,10172.62,5.7838
1778486400000,10148.5,6.0072
1778490000000,10322.04,4.3999
1778493600000,10337.92,4.2528
1778497200000,10302.92,4.577
1778500800000,10266.15,4.9175
1778504400000,10231.45,5.2389
1778508000000,10302.33,4.5824
1778511600000,10332.04,4.3073
1778515200000,10350.28,4.1384
1778518800000,10252.33,5.0455
1778522400000,10366.75,3.9858
1778526000000,10410.57,3.5799
1778529600000,10332.92,4.2991
1778533200000,10318.8,4.4299
1778536800000,10241.15,5.149
1778540400000,10209.97,5.4378
1778544000000,10169.97,5.8083
1778547600000,10164.68,5.8573
1778551200000,10143.79,6.0507
1778554800000,10142.62,6.0616
1778558400000,10134.97,6.1325
1778562000000,10238.5,5.1736
1778565600000,10241.74,5.1436
1778569200000,10161.74,5.8846
1778572800000,10168.21,5.8246
1778576400000,10019.38,7.2031
1778580000000,10029.38,7.1105
1778583600000,9946.43,7.8787
1778587200000,9935.25,7.9822
1778590800000,10011.43,7.2766
1778594400000,9974.08,7.6226
1778598000000,9810.54,9.1373
1778601600000,9831.13,8.9466
1778605200000,9823.78,9.0147
1778608800000,9841.13,8.8539
1778612400000,9845.84,8.8104
1778616000000,9881.13,8.4835
1778619600000,9946.14,7.8814
1778623200000,9983.78,7.5327
1778626800000,9943.78,7.9032
1778630400000,9930.84,8.0231
1778634000000,10006.14,7.3257
1778637600000,10015.55,7.2385
1778641200000,9977.9,7.5872
1778644800000,9992.31,7.4537
1778648400000,9904.96,8.2628
1778652000000,9796.72,9.2653
1778655600000,9792.01,9.3089
1778659200000,9805.54,9.1836
1778662800000,9864.07,8.6415
1778666400000,9815.83,9.0882
1778670000000,9718.48,9.9899
1778673600000,9624.06,10.8644
1778677200000,9554.64,11.5073
1778680800000,9578.17,11.2894
1778684400000,9458.76,12.3954
1778688000000,9441.7,12.5534
1778691600000,9431.99,12.6433
1778695200000,9454.34,12.4363
1778698800000,9422.28,12.7332
1778702400000,9460.23,12.3818
1778706000000,9463.46,12.3518
1778709600000,9467.87,12.3109
1778713200000,9514.05,11.8832
1778716800000,9460.23,12.3818
1778720400000,9525.23,11.7797
1778724000000,9499.93,12.014
1778727600000,9400.81,12.9321
1778731200000,9442.58,12.5452
1778734800000,9478.17,12.2156
1778738400000,9504.05,11.9759
1778742000000,9481.99,12.1802
1778745600000,9474.64,12.2483
1778749200000,9533.76,11.7007
1778752800000,9503.17,11.984
1778756400000,9520.23,11.826
1778760000000,9546.41,11.5836
1778763600000,9686.12,10.2896
1778767200000,9718.77,9.9872
1778770800000,9801.13,9.2244
1778774400000,9813.19,9.1127
1778778000000,9758.77,9.6167
1778781600000,9821.42,9.0365
1778785200000,9797.01,9.2626
1778788800000,9732.59,9.8592
1778792400000,9752.89,9.6712
1778796000000,9860.54,8.6741
1778799600000,9773.77,9.4778
1778803200000,9805.25,9.1863
1778806800000,9862.9,8.6524
1778810400000,9769.95,9.5132
1778814000000,9761.13,9.5949
1778817600000,9718.18,9.9927
1778821200000,9786.42,9.3606
1778824800000,9652.3,10.6029
1778828400000,9704.36,10.1207
1778832000000,9632.88,10.7827
1778835600000,9585.82,11.2185
1778839200000,9612.59,10.9706
1778842800000,9634.65,10.7663
1778846400000,9616.71,10.9325
1778850000000,9534.64,11.6926
1778853600000,9355.22,13.3543
1778857200000,9231.1,14.5039
1778860800000,9238.16,14.4385
1778864400000,9264.04,14.1988
1778868000000,9285.81,13.9972
1778871600000,9266.39,14.177
1778875200000,9225.21,14.5584
1778878800000,9218.45,14.6211
1778882400000,9193.15,14.8553
1778886000000,9171.39,15.0569
1778889600000,9186.68,14.9153
1778893200000,9134.03,15.4029
1778896800000,9099.62,15.7216
1778900400000,9097.85,15.738
1778904000000,9086.97,15.8388
1778907600000,9002.85,16.6179
1778911200000,8915.78,17.4243
1778914800000,8747.25,18.9852
1778918400000,8828.13,18.2361
1778922000000,8744.89,19.007
1778925600000,8736.66,19.0833
1778929200000,8797.25,18.5221
1778932800000,8832.54,18.1952
1778936400000,8795.19,18.5412
1778940000000,8765.78,18.8136
1778943600000,8798.43,18.5112
1778947200000,8859.6,17.9446
1778950800000,8832.54,18.1952
1778954400000,8876.37,17.7893
1778958000000,8901.37,17.5577
1778961600000,8907.55,17.5005
1778965200000,8887.55,17.6858
1778968800000,8857.84,17.9609
1778972400000,8839.31,18.1325
1778976000000,8822.25,18.2906
1778979600000,8736.07,19.0887
1778983200000,8702.83,19.3966
1778986800000,8680.77,19.6009
1778990400000,8719.3,19.244
1778994000000,8818.13,18.3287
1778997600000,8746.66,18.9907
1779001200000,8781.07,18.6719
1779004800000,8746.36,18.9934
1779008400000,8774.6,18.7319
1779012000000,8819.01,18.3205
1779015600000,8810.19,18.4022
1779019200000,8868.43,17.8629
1779022800000,8773.13,18.7455
1779026400000,8760.19,18.8654
1779030000000,8777.84,18.7019
1779033600000,8755.19,18.9117
1779037200000,8714.01,19.2931
1779040800000,8699.89,19.4238
1779044400000,8699.01,19.432
1779048000000,8701.95,19.4047
1779051600000,8714.3,19.2903
1779055200000,8538.12,20.9221
1779058800000,8591.94,20.4236
1779062400000,8455.17,21.6903
1779066000000,8495.17,21.3199
1779069600000,8526.94,21.0256
1779073200000,8482.82,21.4343
1779076800000,8444.58,21.7884
1779080400000,8441.35,21.8184
1779084000000,8374.87,22.4341
1779087600000,8402.81,22.1753
1779091200000,8421.05,22.0064
1779094800000,8423.4,21.9846
1779098400000,8348.69,22.6765
1779102000000,8358.99,22.5812
1779105600000,8450.17,21.7367
1779109200000,8453.41,21.7067
1779112800000,8381.34,22.3741
1779116400000,8329.28,22.8563
1779120000000,8390.46,22.2897
1779123600000,8413.7,22.0745
1779127200000,8335.46,22.7991
1779130800000,8362.22,22.5512
1779134400000,8451.64,21.723
1779138000000,8449.58,21.7421
1779141600000,8542.23,20.884
1779145200000,8479.88,21.4615
1779148800000,8543.41,20.8731
1779152400000,8503.11,21.2463
1779156000000,8503.11,21.2463
1779159600000,8475.76,21.4997
1779163200000,8518.41,21.1046
1779166800000,8458.41,21.6604
1779170400000,8534.59,20.9548
1779174000000,8553.41,20.7805
1779177600000,8510.17,21.1809
1779181200000,8452.52,21.7149
1779184800000,8413.4,22.0772
1779188400000,8401.34,22.1889
1779192000000,8421.64,22.0009
1779195600000,8435.17,21.8756
1779199200000,8376.93,22.415
1779202800000,8351.05,22.6547
1779206400000,8345.75,22.7037
1779210000000,8416.64,22.0472
1779213600000,8366.34,22.5131
1779217200000,8404.29,22.1616
1779220800000,8410.76,22.1017
1779224400000,8420.46,22.0118
1779228000000,8375.75,22.4259
1779231600000,8371.34,22.4667
1779235200000,8355.46,22.6138
1779238800000,8350.46,22.6602
1779242400000,8376.05,22.4232
1779246000000,8360.46,22.5675
1779249600000,8368.11,22.4967
1779253200000,8435.46,21.8729
1779256800000,8451.35,21.7258
1779260400000,8516.35,21.1237
1779264000000,8483.11,21.4315
1779267600000,8499.58,21.279
1779271200000,8522.53,21.0665
1779274800000,8540.47,20.9003
1779278400000,8514.59,21.1401
1779282000000,8592.24,20.4209
1779285600000,8690.48,19.511
1779289200000,8780.19,18.6801
1779292800000,8765.19,18.819
1779296400000,8861.08,17.931
1779300000000,8809.6,18.4077
1779303600000,8871.96,17.8302
1779307200000,8811.07,18.3941
1779310800000,8839.02,18.1353
1779314400000,8765.78,18.8136
1779318000000,8797.84,18.5167
1779321600000,8800.78,18.4894
1779325200000,8843.43,18.0944
1779328800000,8906.96,17.506
1779332400000,8927.84,17.3126
1779336000000,8955.2,17.0592
1779339600000,8980.2,16.8277
1779343200000,9053.73,16.1466
1779346800000,9105.5,15.6672
1779350400000,9228.74,14.5257
1779354000000,9192.86,14.8581
1779357600000,9117.85,15.5527
1779361200000,9031.97,16.3482
1779364800000,8979.61,16.8331
1779368400000,8998.44,16.6588
1779372000000,8942.55,17.1764
1779375600000,8931.08,17.2826
1779379200000,8966.96,16.9502
1779382800000,9135.8,15.3866
1779386400000,9246.69,14.3595
1779390000000,9073.44,15.9641
1779393600000,9117.85,15.5527
1779397200000,9169.03,15.0787
1779400800000,9105.5,15.6672
1779404400000,9023.44,16.4272
1779408000000,8954.02,17.0701
1779411600000,8958.14,17.032
1779415200000,9051.67,16.1657
1779418800000,9034.91,16.321
1779422400000,9092.56,15.787
1779426000000,9164.92,15.1169
1779429600000,9085.5,15.8524
1779433200000,9105.21,15.6699
1779436800000,9120.5,15.5282
1779440400000,9141.09,15.3375
1779444000000,9096.38,15.7516
1779447600000,9162.27,15.1414
1779451200000,9390.81,13.0247
1779454800000,9223.45,14.5748
1779458400000,9034.32,16.3264
1779462000000,9076.97,15.9314
1779465600000,9054.62,16.1384
1779469200000,9130.8,15.4329
1779472800000,9123.74,15.4983
1779476400000,8868.72,17.8601
1779480000000,8772.25,18.7537
1779483600000,8856.66,17.9718
1779487200000,8777.25,18.7074
1779490800000,8731.36,19.1323
1779494400000,8539.29,20.9112
1779498000000,8556.94,20.7478
1779501600000,8564.88,20.6742
1779505200000,8603.41,20.3174
1779508800000,8575.47,20.5762
1779512400000,8561.65,20.7042
1779516000000,8579.88,20.5353
1779519600000,8524.88,21.0447
1779523200000,8392.23,22.2733
1779526800000,8442.82,21.8048
1779530400000,8455.46,21.6876
1779534000000,8474.0,21.516
1779537600000,8418.7,22.0281
1779541200000,8495.47,21.3171
1779544800000,8603.12,20.3201
1779548400000,8803.13,18.4676
1779552000000,8821.37,18.2987
1779555600000,8720.19,19.2358
1779559200000,8900.78,17.5632
1779562800000,8869.61,17.852
1779566400000,8913.14,17.4488
1779570000000,9261.69,14.2206
1779573600000,9119.33,15.5391
1779577200000,9027.85,16.3863
1779580800000,8980.79,16.8222
1779584400000,9072.85,15.9695
1779588000000,9036.97,16.3019
1779591600000,9019.61,16.4626
1779595200000,8979.91,16.8304
1779598800000,8966.67,16.953
1779602400000,9033.44,16.3346
1779606000000,9013.14,16.5226
1779609600000,9012.85,16.5253
1779613200000,9072.85,15.9695
1779616800000,9023.44,16.4272
1779620400000,9029.32,16.3727
1779624000000,8972.26,16.9012
1779627600000,9001.97,16.6261
1779631200000,8846.07,18.0699
1779634800000,8854.02,17.9963
1779638400000,8945.79,17.1464
1779642000000,8969.02,16.9312
1779645600000,8968.43,16.9366
1779649200000,8926.08,17.3289
1779652800000,8868.72,17.8601
1779656400000,8867.25,17.8738
1779660000000,8862.25,17.9201
1779663600000,8852.55,18.01
1779667200000,8865.49,17.8901
1779670800000,8880.19,17.7539
1779674400000,8866.96,17.8765
1779678000000,8790.78,18.582
1779681600000,8785.78,18.6284
1779685200000,8894.02,17.6258
1779688800000,8911.67,17.4624
1779692400000,8916.37,17.4188
1779696000000,8921.37,17.3725
1779699600000,8949.02,17.1164
1779703200000,9035.79,16.3128
1779706800000,8987.85,16.7568
1779710400000,8985.2,16.7813
1779714000000,8971.96,16.9039
1779717600000,9034.61,16.3237
1779721200000,8954.61,17.0647
1779724800000,8935.79,17.239
1779728400000,8988.73,16.7487
1779732000000,9061.09,16.0785
1779735600000,9187.86,14.9044
1779739200000,9180.21,14.9752
1779742800000,9072.26,15.975
1779746400000,9085.5,15.8524
1779750000000,9041.09,16.2638
1779753600000,8986.96,16.765
1779757200000,9029.61,16.37
1779760800000,8913.73,17.4433
1779764400000,8868.72,17.8601
1779768000000,8977.26,16.8549
1779771600000,9169.03,15.0787
1779775200000,9106.97,15.6535
1779778800000,9013.73,16.5171
1779782400000,9177.27,15.0025
1779786000000,9260.51,14.2315
1779789600000,9264.92,14.1906
1779793200000,9252.27,14.3078
1779796800000,9273.16,14.1144
1779800400000,9153.15,15.2258
1779804000000,9323.45,13.6485
1779807600000,9125.8,15.4792
1779811200000,9134.91,15.3947
1779814800000,9126.38,15.4737
1779818400000,9217.27,14.632
1779822000000,9022.85,16.4327
1779825600000,9067.85,16.0159
1779829200000,9062.26,16.0676
1779832800000,9038.14,16.291
1779836400000,9031.67,16.3509
1779840000000,9044.32,16.2338
1779843600000,9111.09,15.6154
1779847200000,8944.02,17.1627
1779850800000,8980.79,16.8222
1779854400000,8841.07,18.1162
1779858000000,8903.72,17.536
1779861600000,8902.84,17.5441
1779865200000,8870.19,17.8465
1779868800000,8944.61,17.1573
1779872400000,8860.78,17.9337
1779876000000,8907.55,17.5005
1779879600000,8972.85,16.8958
1779883200000,9073.15,15.9668
1779886800000,8958.73,17.0265
1779890400000,8842.84,18.0999
1779894000000,8986.96,16.765
1779897600000,8939.61,17.2036
1779901200000,8832.25,18.1979
1779904800000,8727.54,19.1677
1779908400000,8831.66,18.2034
1779912000000,8856.66,17.9718
1779915600000,8834.02,18.1816
1779919200000,8683.12,19.5791
1779922800000,8643.12,19.9496
1779926400000,8608.41,20.271
1779930000000,8548.12,20.8295
1779933600000,8514.0,21.1455
1779937200000,8503.41,21.2436
1779940800000,8324.28,22.9026
1779944400000,8360.46,22.5675
1779948000000,8346.34,22.6983
1779951600000,8439.29,21.8375
1779955200000,8461.35,21.6331
1779958800000,8482.23,21.4397
1779962400000,8431.05,21.9137
1779966000000,8411.93,22.0908
1779969600000,8350.46,22.6602
1779973200000,8396.34,22.2352
1779976800000,8353.69,22.6302
1779980400000,8308.1,23.0524
1779984000000,8363.7,22.5376
1779987600000,8441.35,21.8184
1779991200000,8537.82,20.9248
1779994800000,8523.12,21.0611
1779998400000,8531.35,20.9848
1780002000000,8555.47,20.7614
1780005600000,8470.17,21.5514
1780009200000,8454.58,21.6958
1780012800000,8471.64,21.5378
1780016400000,8460.76,21.6386
1780020000000,8415.76,22.0554
1780023600000,8369.87,22.4804
1780027200000,8314.57,22.9925
1780030800000,8379.28,22.3932
1780034400000,8457.82,21.6658
1780038000000,8467.52,21.5759
1780041600000,8434.88,21.8783
1780045200000,8427.23,21.9491
1780048800000,8403.99,22.1644
1780052400000,8376.34,22.4204
1780056000000,8283.98,23.2758
1780059600000,8159.27,24.4309
1780063200000,8132.8,24.6761
1780066800000,8269.28,23.412
1780070400000,8376.93,22.415
1780074000000,8326.93,22.8781
1780077600000,8194.57,24.104
1780081200000,8132.8,24.6761
1780084800000,8132.8,24.6761
1780088400000,8079.86,25.1664
1780092000000,8162.21,24.4036
1780095600000,8159.27,24.4309
1780099200000,8168.1,24.3492
1780102800000,8253.39,23.5591
1780106400000,8253.39,23.5591
1780110000000,8156.33,24.4581
1780113600000,8123.98,24.7578
1780117200000,8197.51,24.0767
1780120800000,8188.69,24.1585
1780124400000,8138.68,24.6216
1780128000000,8212.22,23.9405
1780131600000,8206.33,23.995
1780135200000,8200.45,24.0495
1780138800000,8218.1,23.886
1780142400000,8232.81,23.7498
1780146000000,8223.98,23.8316
1780149600000,8318.1,22.9598
1780153200000,8282.81,23.2867
1780156800000,8279.87,23.314
1780160400000,8262.22,23.4774
1780164000000,8273.98,23.3685
1780167600000,8256.34,23.5319
1780171200000,8300.46,23.1233
1780174800000,8323.99,22.9053
1780178400000,8268.1,23.4229
1780182000000,8285.75,23.2595
1780185600000,8329.87,22.8509
1780189200000,8359.28,22.5784
1780192800000,8379.87,22.3877
1780196400000,8438.7,21.8429
1780200000000,8432.82,21.8974
1780203600000,8379.87,22.3877
1780207200000,8412.23,22.0881
1780210800000,8344.58,22.7146
1780214400000,8362.22,22.5512
1780218000000,8382.81,22.3605
1780221600000,8403.4,22.1698
1780225200000,8406.34,22.1426
1780228800000,8391.64,22.2788
1780232400000,8373.99,22.4422
1780236000000,8241.63,23.6681
1780239600000,8250.45,23.5864
1780243200000,8182.8,24.213
1780246800000,8235.75,23.7226
1780250400000,8218.1,23.886
1780254000000,8232.81,23.7498
1780257600000,8271.04,23.3957
1780261200000,8326.93,22.8781
1780264800000,8368.11,22.4967
1780268400000,8318.1,22.9598
1780272000000,8371.05,22.4695
1780275600000,8191.63,24.1312
1780279200000,8323.99,22.9053
1780282800000,8353.4,22.6329
1780286400000,8247.51,23.6136
1780290000000,8221.04,23.8588
1780293600000,8188.69,24.1585
1780297200000,8123.98,24.7578
1780300800000,8159.27,24.4309
1780304400000,8197.51,24.0767
1780308000000,8179.86,24.2402
1780311600000,8182.8,24.213
1780315200000,8153.39,24.4854
1780318800000,8082.8,25.1392
1780322400000,8050.44,25.4388
1780326000000,8082.8,25.1392
1780329600000,8197.51,24.0767
1780333200000,8262.22,23.4774
1780336800000,8218.1,23.886
1780340400000,8350.46,22.6602
1780344000000,8288.69,23.2322
1780347600000,8191.63,24.1312
1780351200000,8247.51,23.6136
1780354800000,8235.75,23.7226
1780358400000,8182.8,24.213
1780362000000,8071.03,25.2481
1780365600000,8176.92,24.2674
1780369200000,8256.34,23.5319
1780372800000,8212.22,23.9405
1780376400000,8215.16,23.9133
1780380000000,8194.57,24.104
1780383600000,8123.98,24.7578
1780387200000,8088.68,25.0847
1780390800000,8056.33,25.3844
1780394400000,8162.21,24.4036
1780398000000,8091.62,25.0575
1780401600000,8103.39,24.9485
1780405200000,8112.21,24.8668
1780408800000,7982.79,26.0654
1780412400000,7838.67,27.4003
1780416000000,7897.49,26.8554
1780419600000,7979.85,26.0926
1780423200000,7835.72,27.4275
1780426800000,7759.25,28.1358
1780430400000,7821.02,27.5637
1780434000000,7753.37,28.1903
1780437600000,7450.41,30.9962
1780441200000,7444.53,31.0507
1780444800000,7476.88,30.751
1780448400000,7521.0,30.3424
1780452000000,7479.82,30.7238
1780455600000,7306.28,32.3311
1780459200000,7473.94,30.7783
1780462800000,7629.83,29.3344
1780466400000,7673.95,28.9258
1780470000000,7723.95,28.4627
1780473600000,7676.89,28.8986
1780477200000,7612.18,29.4979
1780480800000,7688.66,28.7896
1780484400000,7597.48,29.6341
1780488000000,7559.24,29.9882
1780491600000,7594.53,29.6613
1780495200000,7635.71,29.28
1780498800000,7518.06,30.3696
1780502400000,7497.47,30.5603
1780506000000,7526.88,30.2879
1780509600000,7529.83,30.2607
1780513200000,7409.23,31.3776
1780516800000,7356.29,31.8679
1780520400000,7579.83,29.7975
1780524000000,7491.59,30.6148
1780527600000,7456.29,30.9417
1780531200000,7426.88,31.2141
1780534800000,7191.57,33.3935
1780538400000,7176.86,33.5297
1780542000000,7379.82,31.65
1780545600000,7309.22,32.3038
1780549200000,7238.63,32.9576
1780552800000,7285.69,32.5217
1780556400000,7135.69,33.9111
1780560000000,7218.04,33.1483
1780563600000,7109.21,34.1563
1780567200000,7035.68,34.8373
1780570800000,7088.62,34.347
1780574400000,7218.04,33.1483
1780578000000,7129.8,33.9656
1780581600000,7168.04,33.6114
1780585200000,7238.63,32.9576
1780588800000,7247.46,32.8759
1780592400000,7165.1,33.6387
1780596000000,7232.75,33.0121
1780599600000,7153.33,33.7476
1780603200000,7070.98,34.5104
1780606800000,6870.97,36.3629
1780610400000,6968.03,35.4639
1780614000000,7023.91,34.9463
1780617600000,6953.32,35.6001
1780621200000,7047.45,34.7283
1780624800000,6823.9,36.7987
1780628400000,6785.67,37.1529
1780632000000,6915.09,35.9542
1780635600000,6715.07,37.8067
1780639200000,6644.48,38.4605
1780642800000,6762.14,37.3708
1780646400000,6626.83,38.6239
1780650000000,6738.6,37.5887
1780653600000,6685.66,38.0791
1780657200000,6579.77,39.0598
1780660800000,6609.19,38.7874
1780664400000,6668.01,38.2426
1780668000000,6570.95,39.1415
1780671600000,6500.36,39.7953
1780675200000,6685.66,38.0791
1780678800000,6550.36,39.3322
1780682400000,6368.0,41.0212
1780686000000,6482.71,39.9588
1780689600000,6629.78,38.5967
1780693200000,6606.24,38.8146
1780696800000,6594.48,38.9236
1780700400000,6538.59,39.4412
1780704000000,6612.13,38.7601
1780707600000,6538.59,39.4412
1780711200000,6488.59,39.9043
1780714800000,6438.59,40.3674
1780718400000,6282.7,41.8112
1780722000000,6429.76,40.4491
1780725600000,6465.06,40.1222
1780729200000,6509.18,39.7136
1780732800000,6579.77,39.0598
1780736400000,6512.12,39.6864
1780740000000,6462.12,40.1495
1780743600000,6520.95,39.6046
1780747200000,6576.83,39.0871
1780750800000,6562.12,39.2233
1780754400000,6570.95,39.1415
1780758000000,6556.24,39.2777
1780761600000,6562.12,39.2233
1780765200000,6520.95,39.6046
1780768800000,6518.0,39.6319
1780772400000,6509.18,39.7136
1780776000000,6485.65,39.9316
1780779600000,6476.83,40.0133
1780783200000,6462.12,40.1495
1780786800000,6494.47,39.8498
1780790400000,6482.71,39.9588
1780794000000,6679.78,38.1336
1780797600000,6759.19,37.3981
1780801200000,6770.96,37.2891
1780804800000,6797.43,37.0439
1780808400000,6782.73,37.1801
1780812000000,6926.85,35.8453
1780815600000,7009.21,35.0825
1780819200000,7097.45,34.2652
1780822800000,6982.74,35.3277
1780826400000,6938.62,35.7363
1780830000000,6968.03,35.4639
1780833600000,6885.67,36.2266
1780837200000,6885.67,36.2266
1780840800000,7047.45,34.7283
1780844400000,7015.09,35.028
1780848000000,6968.03,35.4639
1780851600000,6950.38,35.6273
1780855200000,6923.91,35.8725
1780858800000,6812.14,36.9077
1780862400000,6915.09,35.9542
1780866000000,6903.32,36.0632
1780869600000,7032.74,34.8646
1780873200000,7094.51,34.2925
1780876800000,7153.33,33.7476
1780880400000,7053.33,34.6739
1780884000000,7050.39,34.7011
1780887600000,7020.97,34.9735
1780891200000,6944.5,35.6818
1780894800000,6929.79,35.818
1780898400000,6985.68,35.3004
1780902000000,7009.21,35.0825
1780905600000,6970.97,35.4366
1780909200000,7044.5,34.7556
1780912800000,6979.79,35.3549
1780916400000,7059.21,34.6194
1780920000000,7120.98,34.0473
1780923600000,7103.33,34.2107
1780927200000,7156.28,33.7204
1780930800000,7153.33,33.7476
1780934400000,7141.57,33.8566
1780938000000,7209.22,33.23
1780941600000,7241.57,32.9304
1780945200000,7212.16,33.2028
1780948800000,7165.1,33.6387
1780952400000,7176.86,33.5297
1780956000000,7182.75,33.4752
1780959600000,7132.74,33.9383
1780963200000,6985.68,35.3004
1780966800000,7041.56,34.7828
1780970400000,7041.56,34.7828
1780974000000,7044.5,34.7556
1780977600000,7144.51,33.8294
1780981200000,7197.45,33.339
1780984800000,7176.86,33.5297
1780988400000,7188.63,33.4207
1780992000000,7138.63,33.8838
1780995600000,7100.39,34.238
1780999200000,7135.69,33.9111
1781002800000,7138.63,33.8838
1781006400000,7147.45,33.8021
1781010000000,7097.45,34.2652
1781013600000,7041.56,34.7828
1781017200000,6923.91,35.8725
1781020800000,6882.73,36.2539
1781024400000,6941.56,35.7091
1781028000000,7000.38,35.1642
1781031600000,6982.74,35.3277
1781035200000,7003.33,35.137
1781038800000,6920.97,35.8997
1781042400000,6838.61,36.6625
1781046000000,6859.2,36.4718
1781049600000,7000.38,35.1642
1781053200000,6950.38,35.6273
1781056800000,6850.38,36.5536
1781060400000,6891.55,36.1722
1781064000000,6873.91,36.3356
1781067600000,6868.02,36.3901
1781071200000,6826.85,36.7715
1781074800000,6876.85,36.3084
1781078400000,6815.08,36.8805
1781082000000,6853.32,36.5263
1781085600000,6876.85,36.3084
1781089200000,6788.61,37.1256
1781092800000,6923.91,35.8725
1781096400000,7050.39,34.7011
1781100000000,6947.44,35.6546
1781103600000,6979.79,35.3549
1781107200000,6938.62,35.7363
1781110800000,6873.91,36.3356
1781114400000,6829.79,36.7442
1781118000000,6750.37,37.4798
1781121600000,6726.84,37.6977
1781125200000,6638.6,38.515
1781128800000,6670.95,38.2153
1781132400000,6706.25,37.8884
1781136000000,6756.25,37.4253
1781139600000,6832.73,36.717
1781143200000,6815.08,36.8805
1781146800000,6947.44,35.6546
1781150400000,6941.56,35.7091
1781154000000,6897.44,36.1177
1781157600000,6912.14,35.9815
1781161200000,6941.56,35.7091
1781164800000,6970.97,35.4366
1781168400000,6920.97,35.8997
1781172000000,6929.79,35.818
1781175600000,6965.09,35.4911
1781179200000,6909.2,36.0087
1781182800000,6935.67,35.7635
1781186400000,6906.26,36.036
1781190000000,6926.85,35.8453
1781193600000,6873.91,36.3356
1781197200000,7032.74,34.8646
1781200800000,7015.09,35.028
1781204400000,7076.86,34.4559
1781208000000,7070.98,34.5104
1781211600000,7141.57,33.8566
1781215200000,7129.8,33.9656
1781218800000,7085.68,34.3742
1781222400000,7056.27,34.6466
1781226000000,7047.45,34.7283
1781229600000,7094.51,34.2925
1781233200000,7097.45,34.2652
1781236800000,7100.39,34.238
1781240400000,7029.8,34.8918
1781244000000,6956.26,35.5728
1781247600000,7009.21,35.0825
1781251200000,7076.86,34.4559
1781254800000,7094.51,34.2925
1781258400000,7056.27,34.6466
1781262000000,7073.92,34.4832
1781265600000,7085.68,34.3742
1781269200000,7029.8,34.8918
1781272800000,7173.92,33.5569
1781276400000,7044.5,34.7556
1781280000000,7100.39,34.238
1781283600000,7076.86,34.4559
1781287200000,7044.5,34.7556
1781290800000,7041.56,34.7828
1781294400000,7044.5,34.7556
1781298000000,7023.91,34.9463
1781301600000,7047.45,34.7283
1781305200000,7038.62,34.8101
1781308800000,7062.15,34.5921
1781312400000,7115.1,34.1018
1781316000000,7132.74,33.9383
1781319600000,7185.69,33.448
1781323200000,7188.63,33.4207
1781326800000,7118.04,34.0745
1781330400000,7282.75,32.549
1781334000000,7700.42,28.6806
1781337600000,7765.13,28.0813
1781341200000,8006.32,25.8475
1781344800000,8018.09,25.7385
1781348400000,8035.74,25.575
1781352000000,8091.62,25.0575
1781355600000,8176.92,24.2674
1781359200000,8612.24,20.2356
1781362800000,8526.94,21.0256
1781366400000,8582.82,20.508
1781370000000,8515.17,21.1346
1781373600000,8353.4,22.6329
1781377200000,8191.63,24.1312
1781380800000,8326.93,22.8781
1781384400000,8459.29,21.6522
1781388000000,8512.23,21.1619
1781391600000,8529.88,20.9984
1781395200000,8579.88,20.5353
1781398800000,8594.59,20.3991
1781402400000,8912.25,17.4569
1781406000000,8900.49,17.5659
1781409600000,8874.02,17.8111
1781413200000,8897.55,17.5932
1781416800000,8847.55,18.0563
1781420400000,8721.07,19.2277
1781424000000,8703.42,19.3911
1781427600000,8682.83,19.5818
1781431200000,8909.31,17.4842
1781434800000,8744.6,19.0097
1781438400000,8576.94,20.5625
1781442000000,8515.17,21.1346
1781445600000,8485.76,21.407
1781449200000,8524.0,21.0529
1781452800000,8591.65,20.4263
1781456400000,8476.94,21.4888
1781460000000,8529.88,20.9984
1781463600000,8562.24,20.6987
1781467200000,8588.71,20.4536
1781470800000,8774.01,18.7373
1781474400000,8874.02,17.8111
1781478000000,8762.25,18.8463
1781481600000,8788.72,18.6011
1781485200000,8894.61,17.6204
1781488800000,8968.14,16.9394
1781492400000,8915.2,17.4297
1781496000000,8835.78,18.1652
1781499600000,8962.26,16.9938
1781503200000,9076.97,15.9314
1781506800000,9038.73,16.2855
1781510400000,8844.6,18.0835
1781514000000,8747.54,18.9825
1781517600000,8838.72,18.138
1781521200000,9009.32,16.558
1781524800000,9032.85,16.34
1781528400000,8906.37,17.5114
1781532000000,8821.07,18.3014
1781535600000,8853.43,18.0018
1781539200000,8756.36,18.9008
1781542800000,8862.25,17.9201
1781546400000,8876.96,17.7839
1781550000000,8721.07,19.2277
1781553600000,8747.54,18.9825
1781557200000,8509.29,21.1891
1781560800000,8544.59,20.8622
1781564400000,8635.77,20.0177
1781568000000,8618.12,20.1811
1781571600000,8494.58,21.3253
1781575200000,8482.82,21.4343
1781578800000,8526.94,21.0256
1781582400000,8441.64,21.8157
1781586000000,8488.7,21.3798
1781589600000,8582.82,20.508
1781593200000,8721.07,19.2277
1781596800000,8724.01,19.2004
1781600400000,8665.18,19.7453
1781604000000,8650.48,19.8815
1781607600000,8562.24,20.6987
1781611200000,8647.53,19.9087
1781614800000,8485.76,21.407
1781618400000,8265.16,23.4502
1781622000000,8253.39,23.5591
1781625600000,8259.28,23.5047
1781629200000,8303.4,23.096
1781632800000,8191.63,24.1312
1781636400000,8226.92,23.8043
1781640000000,8326.93,22.8781
1781643600000,8376.93,22.415
1781647200000,8326.93,22.8781
1781650800000,8371.05,22.4695
1781654400000,8397.52,22.2243
1781658000000,8526.94,21.0256
1781661600000,8441.64,21.8157
1781665200000,8368.11,22.4967
1781668800000,8391.64,22.2788
1781672400000,8385.76,22.3333
1781676000000,8309.28,23.0415
1781679600000,8300.46,23.1233
1781683200000,8232.81,23.7498
1781686800000,8223.98,23.8316
1781690400000,8197.51,24.0767
1781694000000,8235.75,23.7226
1781697600000,8279.87,23.314
1781701200000,8276.93,23.3412
1781704800000,8265.16,23.4502
1781708400000,8423.99,21.9791
1781712000000,8376.93,22.415
1781715600000,8335.75,22.7964
1781719200000,8276.93,23.3412
1781722800000,8053.38,25.4116
1781726400000,8071.03,25.2481
1781730000000,7976.91,26.1199
1781733600000,8038.68,25.5478
1781737200000,8044.56,25.4933
1781740800000,8038.68,25.5478
1781744400000,8035.74,25.575
1781748000000,8082.8,25.1392
1781751600000,8032.79,25.6023
1781755200000,7903.38,26.8009
1781758800000,7871.02,27.1006
1781762400000,7932.79,26.5285
1781766000000,7941.61,26.4468
1781769600000,7847.49,27.3185
1781773200000,7879.84,27.0189
1781776800000,7871.02,27.1006
1781780400000,7835.72,27.4275
1781784000000,7909.26,26.7465
1781787600000,7847.49,27.3185
1781791200000,7844.55,27.3458
1781794800000,7656.3,29.0893
1781798400000,7697.48,28.7079
1781802000000,7585.71,29.7431
1781805600000,7650.42,29.1437
1781809200000,7718.07,28.5172
1781812800000,7732.78,28.381
1781816400000,7712.19,28.5717
1781820000000,7694.54,28.7351
1781823600000,7738.66,28.3265
1781827200000,7715.13,28.5444
1781830800000,7703.36,28.6534
1781834400000,7671.01,28.953
1781838000000,7562.18,29.961
1781841600000,7462.17,30.8872
1781845200000,7568.06,29.9065
1781848800000,7550.41,30.07
1781852400000,7494.53,30.5876
1781856000000,7488.65,30.642
1781859600000,7462.17,30.8872
1781863200000,7459.23,30.9145
1781866800000,7441.59,31.0779
1781870400000,7503.35,30.5058
1781874000000,7526.88,30.2879
1781877600000,7438.64,31.1052
1781881200000,7397.47,31.4866
1781884800000,7450.41,30.9962
1781888400000,7447.47,31.0234
1781892000000,7450.41,30.9962
1781895600000,7370.99,31.7317
1781899200000,7412.17,31.3503
1781902800000,7385.7,31.5955
1781906400000,7456.29,30.9417
1781910000000,7526.88,30.2879
1781913600000,7500.41,30.5331
1781917200000,7512.18,30.4241
1781920800000,7465.12,30.86
1781924400000,7503.35,30.5058
1781928000000,7556.3,30.0155
1781931600000,7656.3,29.0893
1781935200000,7635.71,29.28
1781938800000,7603.36,29.5796
1781942400000,7562.18,29.961
1781946000000,7603.36,29.5796
1781949600000,7565.12,29.9338
1781953200000,7568.06,29.9065
1781956800000,7588.65,29.7158
1781960400000,7509.24,30.4514
1781964000000,7618.07,29.4434
1781967600000,7668.07,28.9803
1781971200000,7588.65,29.7158
1781974800000,7544.53,30.1245
1781978400000,7512.18,30.4241
1781982000000,7518.06,30.3696
1781985600000,7579.83,29.7975
1781989200000,7594.53,29.6613
1781992800000,7629.83,29.3344
1781996400000,7606.3,29.5524
1782000000000,7579.83,29.7975
1782003600000,7582.77,29.7703
1782007200000,7594.53,29.6613
1782010800000,7788.66,27.8634
1782014400000,7762.19,28.1085
1782018000000,7741.6,28.2992
1782021600000,7776.9,27.9723
1782025200000,7747.48,28.2448
1782028800000,7679.83,28.8713
1782032400000,7750.43,28.2175
1782036000000,7715.13,28.5444
1782039600000,7682.77,28.8441
1782043200000,7694.54,28.7351
1782046800000,7721.01,28.4899
1782050400000,7759.25,28.1358
1782054000000,7753.37,28.1903
1782057600000,7706.31,28.6261
1782061200000,7688.66,28.7896
1782064800000,7747.48,28.2448
1782068400000,7818.08,27.591
1782072000000,7712.19,28.5717
1782075600000,7650.42,29.1437
1782079200000,7606.3,29.5524
1782082800000,7526.88,30.2879
1782086400000,7644.54,29.1982
1782090000000,7650.42,29.1437
1782093600000,7594.53,29.6613
1782097200000,7523.94,30.3151
1782100800000,7535.71,30.2062
1782104400000,7591.59,29.6886
1782108000000,7576.89,29.8248
1782111600000,7621.01,29.4162
1782115200000,7641.6,29.2255
1782118800000,7623.95,29.3889
1782122400000,7682.77,28.8441
1782126000000,7694.54,28.7351
1782129600000,7726.9,28.4355
1782133200000,7732.78,28.381
1782136800000,7597.48,29.6341
1782140400000,7535.71,30.2062
1782144000000,7585.71,29.7431
1782147600000,7594.53,29.6613
1782151200000,7535.71,30.2062
1782154800000,7594.53,29.6613
1782158400000,7609.24,29.5251
1782162000000,7597.48,29.6341
1782165600000,7559.24,29.9882
1782169200000,7503.35,30.5058
1782172800000,7526.88,30.2879
1782176400000,7456.29,30.9417
1782180000000,7459.23,30.9145
1782183600000,7426.88,31.2141
1782187200000,7409.23,31.3776
1782190800000,7391.58,31.541
1782194400000,7329.81,32.1131
1782198000000,7350.4,31.9224
1782201600000,7223.93,33.0938
1782205200000,7223.93,33.0938
1782208800000,7273.93,32.6307
1782212400000,7306.28,32.3311
1782216000000,7262.16,32.7397
1782219600000,7206.28,33.2573
1782223200000,7170.98,33.5842
1782226800000,7150.39,33.7749
1782230400000,7168.04,33.6114
1782234000000,7141.57,33.8566
1782237600000,7144.51,33.8294
1782241200000,7220.98,33.1211
1782244800000,7229.81,33.0393
1782248400000,7270.99,32.658
1782252000000,7270.99,32.658
1782255600000,7285.69,32.5217
1782259200000,7303.34,32.3583
1782262800000,7300.4,32.3855
1782266400000,7250.4,32.8486
1782270000000,7273.93,32.6307
1782273600000,7270.99,32.658
1782277200000,7400.41,31.4593
1782280800000,7335.7,32.0586
1782284400000,7303.34,32.3583
1782288000000,7320.99,32.1948
1782291600000,7303.34,32.3583
1782295200000,7256.28,32.7942
1782298800000,7323.93,32.1676
1782302400000,7279.81,32.5762
1782306000000,7150.39,33.7749
1782309600000,7229.81,33.0393
1782313200000,7141.57,33.8566
1782316800000,6953.32,35.6001
1782320400000,6894.5,36.1449
1782324000000,7044.5,34.7556
1782327600000,7088.62,34.347
1782331200000,7197.45,33.339
1782334800000,7226.87,33.0666
1782338400000,7209.22,33.23
1782342000000,7250.4,32.8486
1782345600000,7247.46,32.8759
1782349200000,7265.1,32.7124
1782352800000,7244.52,32.9031
1782356400000,7238.63,32.9576
1782360000000,7265.1,32.7124
1782363600000,7259.22,32.7669
1782367200000,7300.4,32.3855
1782370800000,7353.34,31.8952
1782374400000,7312.17,32.2766
1782378000000,7288.64,32.4945
1782381600000,7215.1,33.1756
1782385200000,7209.22,33.23
1782388800000,7188.63,33.4207
1782392400000,7185.69,33.448
1782396000000,7012.15,35.0552
1782399600000,7059.21,34.6194
1782403200000,6976.85,35.3821
1782406800000,7062.15,34.5921
1782410400000,7009.21,35.0825
1782414000000,6976.85,35.3821
1782417600000,6968.03,35.4639
1782421200000,7068.03,34.5376
1782424800000,7041.56,34.7828
1782428400000,7044.5,34.7556
1782432000000,7018.03,35.0008
1782435600000,6976.85,35.3821
1782439200000,6865.08,36.4173
1782442800000,7009.21,35.0825
1782446400000,6988.62,35.2732
1782450000000,7020.97,34.9735
1782453600000,7153.33,33.7476
1782457200000,7168.04,33.6114
1782460800000,7070.98,34.5104
1782464400000,6988.62,35.2732
1782468000000,6962.15,35.5184
1782471600000,6944.5,35.6818
1782475200000,6929.79,35.818
1782478800000,6941.56,35.7091
1782482400000,7012.15,35.0552
1782486000000,7082.74,34.4014
1782489600000,7126.86,33.9928
1782493200000,7112.16,34.129
1782496800000,7076.86,34.4559
1782500400000,7059.21,34.6194
1782504000000,7070.98,34.5104
1782507600000,7073.92,34.4832
1782511200000,7097.45,34.2652
1782514800000,7103.33,34.2107
1782518400000,7076.86,34.4559
1782522000000,7053.33,34.6739
1782525600000,7103.33,34.2107
1782529200000,7076.86,34.4559
1782532800000,7062.15,34.5921
1782536400000,7082.74,34.4014
1782540000000,7082.74,34.4014
1782543600000,7106.27,34.1835
1782547200000,7073.92,34.4832
1782550800000,7056.27,34.6466
1782554400000,7059.21,34.6194
1782558000000,7044.5,34.7556
1782561600000,7056.27,34.6466
1782565200000,7059.21,34.6194
1782568800000,7094.51,34.2925
1782572400000,7109.21,34.1563
1782576000000,7088.62,34.347
1782579600000,7015.09,35.028
1782583200000,7032.74,34.8646
1782586800000,6953.32,35.6001
1782590400000,6965.09,35.4911
1782594000000,6959.21,35.5456
1782597600000,6991.56,35.2459
1782601200000,6944.5,35.6818
1782604800000,6968.03,35.4639
1782608400000,6953.32,35.6001
1782612000000,6935.67,35.7635
1782615600000,6947.44,35.6546
1782619200000,6932.73,35.7908
1782622800000,6926.85,35.8453
1782626400000,6906.26,36.036
1782630000000,6929.79,35.818
1782633600000,6956.26,35.5728
1782637200000,6920.97,35.8997
1782640800000,6909.2,36.0087
1782644400000,6932.73,35.7908
1782648000000,6932.73,35.7908
1782651600000,6909.2,36.0087
1782655200000,6912.14,35.9815
1782658800000,6926.85,35.8453
1782662400000,6912.14,35.9815
1782666000000,6894.5,36.1449
1782669600000,6876.85,36.3084
1782673200000,6809.2,36.9349
1782676800000,6835.67,36.6898
1782680400000,6770.96,37.2891
1782684000000,6770.96,37.2891
1782687600000,6835.67,36.6898
1782691200000,6865.08,36.4173
1782694800000,6865.08,36.4173
1782698400000,6891.55,36.1722
1782702000000,6912.14,35.9815
1782705600000,6859.2,36.4718
1782709200000,6888.61,36.1994
1782712800000,6900.38,36.0904
1782716400000,6873.91,36.3356
1782720000000,6838.61,36.6625
1782723600000,6850.38,36.5536
1782727200000,6856.26,36.4991
1782730800000,6838.61,36.6625
1782734400000,6856.26,36.4991
1782738000000,6847.43,36.5808
1782741600000,6815.08,36.8805
1782745200000,6794.49,37.0711
1782748800000,6832.73,36.717
1782752400000,6962.15,35.5184
1782756000000,6923.91,35.8725
1782759600000,6947.44,35.6546
1782763200000,6900.38,36.0904
1782766800000,6941.56,35.7091
1782770400000,6923.91,35.8725
1782774000000,6932.73,35.7908
1782777600000,6870.97,36.3629
1782781200000,6844.49,36.608
1782784800000,6873.91,36.3356
1782788400000,6859.2,36.4718
1782792000000,6870.97,36.3629
1782795600000,6888.61,36.1994
1782799200000,6873.91,36.3356
1782802800000,6865.08,36.4173
1782806400000,6806.26,36.9622
1782810000000,6818.02,36.8532
1782813600000,6815.08,36.8805
1782817200000,6782.73,37.1801
1782820800000,6709.19,37.8612
1782824400000,6768.02,37.3163
1782828000000,6785.67,37.1529
1782831600000,6759.19,37.3981
1782835200000,6806.26,36.9622
1782838800000,6768.02,37.3163
1782842400000,6776.84,37.2346
1782846000000,6765.08,37.3436
1782849600000,6726.84,37.6977
1782853200000,6715.07,37.8067
1782856800000,6720.96,37.7522
1782860400000,6744.49,37.5343
1782864000000,6726.84,37.6977
1782867600000,6718.02,37.7794
1782871200000,6744.49,37.5343
1782874800000,6770.96,37.2891
1782878400000,6797.43,37.0439
1782882000000,6750.37,37.4798
1782885600000,6656.25,38.3515
1782889200000,6600.36,38.8691
1782892800000,6653.31,38.3788
1782896400000,6641.54,38.4877
1782900000000,6576.83,39.0871
1782903600000,6597.42,38.8964
1782907200000,6597.42,38.8964
1782910800000,6582.71,39.0326
1782914400000,6703.31,37.9156
1782918000000,6832.73,36.717
1782921600000,6779.78,37.2074
1782925200000,6835.67,36.6898
1782928800000,6812.14,36.9077
1782932400000,6791.55,37.0984
1782936000000,6820.96,36.826
1782939600000,6903.32,36.0632
1782943200000,6841.55,36.6353
1782946800000,6762.14,37.3708
1782950400000,6768.02,37.3163
1782954000000,6844.49,36.608
1782957600000,6876.85,36.3084
1782961200000,6920.97,35.8997
1782964800000,6873.91,36.3356
1782968400000,6832.73,36.717
1782972000000,6791.55,37.0984
1782975600000,6797.43,37.0439
1782979200000,6856.26,36.4991
1782982800000,6932.73,35.7908
1782986400000,6959.21,35.5456
1782990000000,7047.45,34.7283
1782993600000,7082.74,34.4014
1782997200000,7109.21,34.1563
1783000800000,7085.68,34.3742
1783004400000,7035.68,34.8373
1783008000000,7029.8,34.8918
1783011600000,7029.8,34.8918
1783015200000,6997.44,35.1915
1783018800000,6982.74,35.3277
1783022400000,6988.62,35.2732
1783026000000,6965.09,35.4911
1783029600000,6935.67,35.7635
1783033200000,6953.32,35.6001
1783036800000,6988.62,35.2732
